{
 "actions": [],
 "allow_rename": 1,
 "creation": "2023-12-19 18:25:04.579804",
 "doctype": "DocType",
 "editable_grid": 1,
 "engine": "InnoDB",
 "field_order": [
  "stock_entry",
  "date",
  "status"
 ],
 "fields": [
  {
   "fieldname": "stock_entry",
   "fieldtype": "Link",
   "in_list_view": 1,
   "label": "Stock Entry",
   "options": "Stock Entry"
  },
  {
   "fieldname": "date",
   "fieldtype": "Date",
   "in_list_view": 1,
   "label": "Date"
  },
  {
   "fieldname": "status",
   "fieldtype": "Data",
   "in_list_view": 1,
   "label": "Status"
  }
 ],
 "index_web_pages_for_search": 1,
 "istable": 1,
 "links": [],
 "modified": "2023-12-19 18:25:26.060268",
 "modified_by": "Administrator",
 "module": "Abtl Addon",
 "name": "Stock Entry Links",
 "owner": "Administrator",
 "permissions": [],
 "sort_field": "modified",
 "sort_order": "DESC",
 "states": []
}