{
 "actions": [],
 "allow_rename": 1,
 "creation": "2023-12-19 17:24:55.486483",
 "doctype": "DocType",
 "editable_grid": 1,
 "engine": "InnoDB",
 "field_order": [
  "item_code",
  "column_break_pm0nu",
  "item_name",
  "item_group",
  "description_section",
  "description",
  "imei_section",
  "imei_no",
  "quantity_section",
  "qty",
  "column_break_gu6vk",
  "stock_uom",
  "actual_qty"
 ],
 "fields": [
  {
   "fieldname": "item_code",
   "fieldtype": "Link",
   "in_list_view": 1,
   "label": "Item Code",
   "options": "Item",
   "reqd": 1
  },
  {
   "fieldname": "column_break_pm0nu",
   "fieldtype": "Column Break"
  },
  {
   "fetch_from": "item_code.item_name",
   "fieldname": "item_name",
   "fieldtype": "Data",
   "in_list_view": 1,
   "label": "Item Name"
  },
  {
   "fetch_from": "item_code.item_group",
   "fieldname": "item_group",
   "fieldtype": "Link",
   "label": "Item Group",
   "options": "Item Group"
  },
  {
   "fieldname": "description_section",
   "fieldtype": "Section Break",
   "label": "Description"
  },
  {
   "fetch_from": "item_code.description",
   "fieldname": "description",
   "fieldtype": "Small Text",
   "label": "Description"
  },
  {
   "fieldname": "quantity_section",
   "fieldtype": "Section Break",
   "label": "Quantity"
  },
  {
   "default": "1",
   "fieldname": "qty",
   "fieldtype": "Int",
   "in_list_view": 1,
   "label": "Qty",
   "reqd": 1
  },
  {
   "fieldname": "column_break_gu6vk",
   "fieldtype": "Column Break"
  },
  {
   "fetch_from": "item_code.stock_uom",
   "fieldname": "stock_uom",
   "fieldtype": "Link",
   "in_list_view": 1,
   "label": "Stock UOM",
   "options": "UOM",
   "reqd": 1
  },
  {
   "fieldname": "imei_section",
   "fieldtype": "Section Break",
   "label": "IMEI"
  },
  {
   "fieldname": "imei_no",
   "fieldtype": "Small Text",
   "label": "IMEI No"
  },
  {
   "default": "0",
   "fieldname": "actual_qty",
   "fieldtype": "Int",
   "in_list_view": 1,
   "label": "Actual Qty",
   "read_only": 1
  }
 ],
 "index_web_pages_for_search": 1,
 "istable": 1,
 "links": [],
 "modified": "2023-12-25 14:18:57.944628",
 "modified_by": "Administrator",
 "module": "Abtl Addon",
 "name": "Goods Transfer Item",
 "owner": "Administrator",
 "permissions": [],
 "sort_field": "modified",
 "sort_order": "DESC",
 "states": []
}