{
 "actions": [],
 "allow_rename": 1,
 "creation": "2023-12-05 10:53:48.598824",
 "doctype": "DocType",
 "engine": "InnoDB",
 "field_order": [
  "sales_order",
  "sales_person",
  "column_break_dxixm",
  "warehouse",
  "reserved_qty",
  "delivery_date",
  "item_code"
 ],
 "fields": [
  {
   "fieldname": "item_code",
   "fieldtype": "Link",
   "label": "Item Code",
   "options": "Item"
  },
  {
   "fieldname": "sales_person",
   "fieldtype": "Data",
   "in_list_view": 1,
   "label": "Sales Person"
  },
  {
   "fieldname": "reserved_qty",
   "fieldtype": "Int",
   "in_list_view": 1,
   "label": "Reserved Qty"
  },
  {
   "fieldname": "delivery_date",
   "fieldtype": "Date",
   "in_list_view": 1,
   "label": "Delivery Date"
  },
  {
   "fieldname": "sales_order",
   "fieldtype": "Link",
   "in_list_view": 1,
   "label": "Sales Order",
   "options": "Sales Order"
  },
  {
   "fieldname": "column_break_dxixm",
   "fieldtype": "Column Break"
  },
  {
   "fieldname": "warehouse",
   "fieldtype": "Data",
   "in_list_view": 1,
   "label": "Warehouse"
  }
 ],
 "index_web_pages_for_search": 1,
 "istable": 1,
 "links": [],
 "modified": "2023-12-05 16:16:20.969753",
 "modified_by": "Administrator",
 "module": "Abtl Addon",
 "name": "Sales Person Reserved Qty",
 "owner": "Administrator",
 "permissions": [],
 "sort_field": "modified",
 "sort_order": "DESC",
 "states": []
}