{
 "custom_fields": [
  {
   "_assign": null,
   "_comments": null,
   "_liked_by": null,
   "_user_tags": null,
   "allow_in_quick_entry": 1,
   "allow_on_submit": 0,
   "bold": 0,
   "collapsible": 0,
   "collapsible_depends_on": null,
   "columns": 0,
   "creation": "2023-11-27 23:59:36.519227",
   "default": null,
   "depends_on": null,
   "description": null,
   "docstatus": 0,
   "dt": "Brand",
   "fetch_from": null,
   "fetch_if_empty": 0,
   "fieldname": "custom_brand_number",
   "fieldtype": "Data",
   "hidden": 0,
   "hide_border": 0,
   "hide_days": 0,
   "hide_seconds": 0,
   "idx": 3,
   "ignore_user_permissions": 0,
   "ignore_xss_filter": 0,
   "in_global_search": 0,
   "in_list_view": 0,
   "in_preview": 0,
   "in_standard_filter": 0,
   "insert_after": "image",
   "is_system_generated": 0,
   "is_virtual": 0,
   "label": "Brand Number",
   "length": 0,
   "mandatory_depends_on": null,
   "modified": "2023-11-27 23:59:36.519227",
   "modified_by": "Administrator",
   "module": null,
   "name": "Brand-custom_brand_number",
   "no_copy": 0,
   "non_negative": 0,
   "options": null,
   "owner": "Administrator",
   "permlevel": 0,
   "precision": "",
   "print_hide": 0,
   "print_hide_if_no_value": 0,
   "print_width": null,
   "read_only": 0,
   "read_only_depends_on": null,
   "report_hide": 0,
   "reqd": 0,
   "search_index": 0,
   "sort_options": 0,
   "translatable": 1,
   "unique": 1,
   "width": null
  }
 ],
 "custom_perms": [],
 "doctype": "Brand",
 "links": [],
 "property_setters": [
  {
   "_assign": null,
   "_comments": null,
   "_liked_by": null,
   "_user_tags": null,
   "creation": "2023-11-28 00:00:45.510841",
   "default_value": null,
   "doc_type": "Brand",
   "docstatus": 0,
   "doctype_or_field": "DocType",
   "field_name": null,
   "idx": 0,
   "is_system_generated": 0,
   "modified": "2023-11-28 00:00:45.510841",
   "modified_by": "Administrator",
   "module": null,
   "name": "Brand-main-field_order",
   "owner": "Administrator",
   "property": "field_order",
   "property_type": "Data",
   "row_name": null,
   "value": "[\"brand\", \"image\", \"custom_brand_number\", \"description\", \"defaults\", \"brand_defaults\"]"
  }
 ],
 "sync_on_migrate": 1
}