{
 "custom_fields": [],
 "custom_perms": [],
 "doctype": "Delivery Note Item",
 "links": [],
 "property_setters": [
  {
   "_assign": null,
   "_comments": null,
   "_liked_by": null,
   "_user_tags": null,
   "creation": "2023-12-24 12:55:33.506553",
   "default_value": null,
   "doc_type": "Delivery Note Item",
   "docstatus": 0,
   "doctype_or_field": "DocField",
   "field_name": "page_break",
   "idx": 0,
   "is_system_generated": 0,
   "modified": "2023-12-24 12:55:33.506553",
   "modified_by": "Administrator",
   "module": null,
   "name": "Delivery Note Item-page_break-permlevel",
   "owner": "Administrator",
   "property": "permlevel",
   "property_type": "Int",
   "row_name": null,
   "value": "1"
  },
  {
   "_assign": null,
   "_comments": null,
   "_liked_by": null,
   "_user_tags": null,
   "creation": "2023-12-24 12:48:03.201811",
   "default_value": null,
   "doc_type": "Delivery Note Item",
   "docstatus": 0,
   "doctype_or_field": "DocField",
   "field_name": "project",
   "idx": 0,
   "is_system_generated": 0,
   "modified": "2023-12-24 12:48:03.201811",
   "modified_by": "Administrator",
   "module": null,
   "name": "Delivery Note Item-project-permlevel",
   "owner": "Administrator",
   "property": "permlevel",
   "property_type": "Int",
   "row_name": null,
   "value": "1"
  },
  {
   "_assign": null,
   "_comments": null,
   "_liked_by": null,
   "_user_tags": null,
   "creation": "2023-12-24 12:48:03.033458",
   "default_value": null,
   "doc_type": "Delivery Note Item",
   "docstatus": 0,
   "doctype_or_field": "DocField",
   "field_name": "cost_center",
   "idx": 0,
   "is_system_generated": 0,
   "modified": "2023-12-24 12:48:03.033458",
   "modified_by": "Administrator",
   "module": null,
   "name": "Delivery Note Item-cost_center-permlevel",
   "owner": "Administrator",
   "property": "permlevel",
   "property_type": "Int",
   "row_name": null,
   "value": "1"
  },
  {
   "_assign": null,
   "_comments": null,
   "_liked_by": null,
   "_user_tags": null,
   "creation": "2023-12-24 12:48:02.868965",
   "default_value": null,
   "doc_type": "Delivery Note Item",
   "docstatus": 0,
   "doctype_or_field": "DocField",
   "field_name": "material_request_item",
   "idx": 0,
   "is_system_generated": 0,
   "modified": "2023-12-24 12:48:02.868965",
   "modified_by": "Administrator",
   "module": null,
   "name": "Delivery Note Item-material_request_item-permlevel",
   "owner": "Administrator",
   "property": "permlevel",
   "property_type": "Int",
   "row_name": null,
   "value": "1"
  },
  {
   "_assign": null,
   "_comments": null,
   "_liked_by": null,
   "_user_tags": null,
   "creation": "2023-12-24 12:48:02.710592",
   "default_value": null,
   "doc_type": "Delivery Note Item",
   "docstatus": 0,
   "doctype_or_field": "DocField",
   "field_name": "purchase_order_item",
   "idx": 0,
   "is_system_generated": 0,
   "modified": "2023-12-24 12:48:02.710592",
   "modified_by": "Administrator",
   "module": null,
   "name": "Delivery Note Item-purchase_order_item-permlevel",
   "owner": "Administrator",
   "property": "permlevel",
   "property_type": "Int",
   "row_name": null,
   "value": "1"
  },
  {
   "_assign": null,
   "_comments": null,
   "_liked_by": null,
   "_user_tags": null,
   "creation": "2023-12-24 12:48:02.544787",
   "default_value": null,
   "doc_type": "Delivery Note Item",
   "docstatus": 0,
   "doctype_or_field": "DocField",
   "field_name": "purchase_order",
   "idx": 0,
   "is_system_generated": 0,
   "modified": "2023-12-24 12:48:02.544787",
   "modified_by": "Administrator",
   "module": null,
   "name": "Delivery Note Item-purchase_order-permlevel",
   "owner": "Administrator",
   "property": "permlevel",
   "property_type": "Int",
   "row_name": null,
   "value": "1"
  },
  {
   "_assign": null,
   "_comments": null,
   "_liked_by": null,
   "_user_tags": null,
   "creation": "2023-12-24 12:48:02.413028",
   "default_value": null,
   "doc_type": "Delivery Note Item",
   "docstatus": 0,
   "doctype_or_field": "DocField",
   "field_name": "material_request",
   "idx": 0,
   "is_system_generated": 0,
   "modified": "2023-12-24 12:48:02.413028",
   "modified_by": "Administrator",
   "module": null,
   "name": "Delivery Note Item-material_request-permlevel",
   "owner": "Administrator",
   "property": "permlevel",
   "property_type": "Int",
   "row_name": null,
   "value": "1"
  },
  {
   "_assign": null,
   "_comments": null,
   "_liked_by": null,
   "_user_tags": null,
   "creation": "2023-12-24 12:48:02.272681",
   "default_value": null,
   "doc_type": "Delivery Note Item",
   "docstatus": 0,
   "doctype_or_field": "DocField",
   "field_name": "allow_zero_valuation_rate",
   "idx": 0,
   "is_system_generated": 0,
   "modified": "2023-12-24 12:48:02.272681",
   "modified_by": "Administrator",
   "module": null,
   "name": "Delivery Note Item-allow_zero_valuation_rate-permlevel",
   "owner": "Administrator",
   "property": "permlevel",
   "property_type": "Int",
   "row_name": null,
   "value": "1"
  },
  {
   "_assign": null,
   "_comments": null,
   "_liked_by": null,
   "_user_tags": null,
   "creation": "2023-12-24 12:48:02.090491",
   "default_value": null,
   "doc_type": "Delivery Note Item",
   "docstatus": 0,
   "doctype_or_field": "DocField",
   "field_name": "expense_account",
   "idx": 0,
   "is_system_generated": 0,
   "modified": "2023-12-24 12:48:02.090491",
   "modified_by": "Administrator",
   "module": null,
   "name": "Delivery Note Item-expense_account-permlevel",
   "owner": "Administrator",
   "property": "permlevel",
   "property_type": "Int",
   "row_name": null,
   "value": "1"
  },
  {
   "_assign": null,
   "_comments": null,
   "_liked_by": null,
   "_user_tags": null,
   "creation": "2023-12-24 12:48:01.900139",
   "default_value": null,
   "doc_type": "Delivery Note Item",
   "docstatus": 0,
   "doctype_or_field": "DocField",
   "field_name": "received_qty",
   "idx": 0,
   "is_system_generated": 0,
   "modified": "2023-12-24 12:48:01.900139",
   "modified_by": "Administrator",
   "module": null,
   "name": "Delivery Note Item-received_qty-permlevel",
   "owner": "Administrator",
   "property": "permlevel",
   "property_type": "Int",
   "row_name": null,
   "value": "1"
  },
  {
   "_assign": null,
   "_comments": null,
   "_liked_by": null,
   "_user_tags": null,
   "creation": "2023-12-24 12:48:01.742423",
   "default_value": null,
   "doc_type": "Delivery Note Item",
   "docstatus": 0,
   "doctype_or_field": "DocField",
   "field_name": "packed_qty",
   "idx": 0,
   "is_system_generated": 0,
   "modified": "2023-12-24 12:48:01.742423",
   "modified_by": "Administrator",
   "module": null,
   "name": "Delivery Note Item-packed_qty-permlevel",
   "owner": "Administrator",
   "property": "permlevel",
   "property_type": "Int",
   "row_name": null,
   "value": "1"
  },
  {
   "_assign": null,
   "_comments": null,
   "_liked_by": null,
   "_user_tags": null,
   "creation": "2023-12-24 12:48:01.571028",
   "default_value": null,
   "doc_type": "Delivery Note Item",
   "docstatus": 0,
   "doctype_or_field": "DocField",
   "field_name": "item_tax_rate",
   "idx": 0,
   "is_system_generated": 0,
   "modified": "2023-12-24 12:48:01.571028",
   "modified_by": "Administrator",
   "module": null,
   "name": "Delivery Note Item-item_tax_rate-permlevel",
   "owner": "Administrator",
   "property": "permlevel",
   "property_type": "Int",
   "row_name": null,
   "value": "1"
  },
  {
   "_assign": null,
   "_comments": null,
   "_liked_by": null,
   "_user_tags": null,
   "creation": "2023-12-24 12:48:01.409636",
   "default_value": null,
   "doc_type": "Delivery Note Item",
   "docstatus": 0,
   "doctype_or_field": "DocField",
   "field_name": "installed_qty",
   "idx": 0,
   "is_system_generated": 0,
   "modified": "2023-12-24 12:48:01.409636",
   "modified_by": "Administrator",
   "module": null,
   "name": "Delivery Note Item-installed_qty-permlevel",
   "owner": "Administrator",
   "property": "permlevel",
   "property_type": "Int",
   "row_name": null,
   "value": "1"
  },
  {
   "_assign": null,
   "_comments": null,
   "_liked_by": null,
   "_user_tags": null,
   "creation": "2023-12-24 12:48:01.264553",
   "default_value": null,
   "doc_type": "Delivery Note Item",
   "docstatus": 0,
   "doctype_or_field": "DocField",
   "field_name": "actual_batch_qty",
   "idx": 0,
   "is_system_generated": 0,
   "modified": "2023-12-24 12:48:01.264553",
   "modified_by": "Administrator",
   "module": null,
   "name": "Delivery Note Item-actual_batch_qty-permlevel",
   "owner": "Administrator",
   "property": "permlevel",
   "property_type": "Int",
   "row_name": null,
   "value": "1"
  },
  {
   "_assign": null,
   "_comments": null,
   "_liked_by": null,
   "_user_tags": null,
   "creation": "2023-12-24 12:48:01.103010",
   "default_value": null,
   "doc_type": "Delivery Note Item",
   "docstatus": 0,
   "doctype_or_field": "DocField",
   "field_name": "batch_no",
   "idx": 0,
   "is_system_generated": 0,
   "modified": "2023-12-24 12:48:01.103010",
   "modified_by": "Administrator",
   "module": null,
   "name": "Delivery Note Item-batch_no-permlevel",
   "owner": "Administrator",
   "property": "permlevel",
   "property_type": "Int",
   "row_name": null,
   "value": "1"
  },
  {
   "_assign": null,
   "_comments": null,
   "_liked_by": null,
   "_user_tags": null,
   "creation": "2023-12-24 12:48:00.944720",
   "default_value": null,
   "doc_type": "Delivery Note Item",
   "docstatus": 0,
   "doctype_or_field": "DocField",
   "field_name": "pick_list_item",
   "idx": 0,
   "is_system_generated": 0,
   "modified": "2023-12-24 12:48:00.944720",
   "modified_by": "Administrator",
   "module": null,
   "name": "Delivery Note Item-pick_list_item-permlevel",
   "owner": "Administrator",
   "property": "permlevel",
   "property_type": "Int",
   "row_name": null,
   "value": "1"
  },
  {
   "_assign": null,
   "_comments": null,
   "_liked_by": null,
   "_user_tags": null,
   "creation": "2023-12-24 12:48:00.794582",
   "default_value": null,
   "doc_type": "Delivery Note Item",
   "docstatus": 0,
   "doctype_or_field": "DocField",
   "field_name": "dn_detail",
   "idx": 0,
   "is_system_generated": 0,
   "modified": "2023-12-24 12:48:00.794582",
   "modified_by": "Administrator",
   "module": null,
   "name": "Delivery Note Item-dn_detail-permlevel",
   "owner": "Administrator",
   "property": "permlevel",
   "property_type": "Int",
   "row_name": null,
   "value": "1"
  },
  {
   "_assign": null,
   "_comments": null,
   "_liked_by": null,
   "_user_tags": null,
   "creation": "2023-12-24 12:48:00.643662",
   "default_value": null,
   "doc_type": "Delivery Note Item",
   "docstatus": 0,
   "doctype_or_field": "DocField",
   "field_name": "si_detail",
   "idx": 0,
   "is_system_generated": 0,
   "modified": "2023-12-24 12:48:00.643662",
   "modified_by": "Administrator",
   "module": null,
   "name": "Delivery Note Item-si_detail-permlevel",
   "owner": "Administrator",
   "property": "permlevel",
   "property_type": "Int",
   "row_name": null,
   "value": "1"
  },
  {
   "_assign": null,
   "_comments": null,
   "_liked_by": null,
   "_user_tags": null,
   "creation": "2023-12-24 12:48:00.500113",
   "default_value": null,
   "doc_type": "Delivery Note Item",
   "docstatus": 0,
   "doctype_or_field": "DocField",
   "field_name": "against_sales_invoice",
   "idx": 0,
   "is_system_generated": 0,
   "modified": "2023-12-24 12:48:00.500113",
   "modified_by": "Administrator",
   "module": null,
   "name": "Delivery Note Item-against_sales_invoice-permlevel",
   "owner": "Administrator",
   "property": "permlevel",
   "property_type": "Int",
   "row_name": null,
   "value": "1"
  },
  {
   "_assign": null,
   "_comments": null,
   "_liked_by": null,
   "_user_tags": null,
   "creation": "2023-12-24 12:48:00.339131",
   "default_value": null,
   "doc_type": "Delivery Note Item",
   "docstatus": 0,
   "doctype_or_field": "DocField",
   "field_name": "so_detail",
   "idx": 0,
   "is_system_generated": 0,
   "modified": "2023-12-24 12:48:00.339131",
   "modified_by": "Administrator",
   "module": null,
   "name": "Delivery Note Item-so_detail-permlevel",
   "owner": "Administrator",
   "property": "permlevel",
   "property_type": "Int",
   "row_name": null,
   "value": "1"
  },
  {
   "_assign": null,
   "_comments": null,
   "_liked_by": null,
   "_user_tags": null,
   "creation": "2023-12-24 12:48:00.176198",
   "default_value": null,
   "doc_type": "Delivery Note Item",
   "docstatus": 0,
   "doctype_or_field": "DocField",
   "field_name": "against_sales_order",
   "idx": 0,
   "is_system_generated": 0,
   "modified": "2023-12-24 12:48:00.176198",
   "modified_by": "Administrator",
   "module": null,
   "name": "Delivery Note Item-against_sales_order-permlevel",
   "owner": "Administrator",
   "property": "permlevel",
   "property_type": "Int",
   "row_name": null,
   "value": "1"
  },
  {
   "_assign": null,
   "_comments": null,
   "_liked_by": null,
   "_user_tags": null,
   "creation": "2023-12-24 12:48:00.011631",
   "default_value": null,
   "doc_type": "Delivery Note Item",
   "docstatus": 0,
   "doctype_or_field": "DocField",
   "field_name": "quality_inspection",
   "idx": 0,
   "is_system_generated": 0,
   "modified": "2023-12-24 12:48:00.011631",
   "modified_by": "Administrator",
   "module": null,
   "name": "Delivery Note Item-quality_inspection-permlevel",
   "owner": "Administrator",
   "property": "permlevel",
   "property_type": "Int",
   "row_name": null,
   "value": "1"
  },
  {
   "_assign": null,
   "_comments": null,
   "_liked_by": null,
   "_user_tags": null,
   "creation": "2023-12-24 12:47:59.896221",
   "default_value": null,
   "doc_type": "Delivery Note Item",
   "docstatus": 0,
   "doctype_or_field": "DocField",
   "field_name": "target_warehouse",
   "idx": 0,
   "is_system_generated": 0,
   "modified": "2023-12-24 12:47:59.896221",
   "modified_by": "Administrator",
   "module": null,
   "name": "Delivery Note Item-target_warehouse-permlevel",
   "owner": "Administrator",
   "property": "permlevel",
   "property_type": "Int",
   "row_name": null,
   "value": "1"
  },
  {
   "_assign": null,
   "_comments": null,
   "_liked_by": null,
   "_user_tags": null,
   "creation": "2023-12-24 12:47:59.767677",
   "default_value": null,
   "doc_type": "Delivery Note Item",
   "docstatus": 0,
   "doctype_or_field": "DocField",
   "field_name": "warehouse",
   "idx": 0,
   "is_system_generated": 0,
   "modified": "2023-12-24 12:47:59.767677",
   "modified_by": "Administrator",
   "module": null,
   "name": "Delivery Note Item-warehouse-permlevel",
   "owner": "Administrator",
   "property": "permlevel",
   "property_type": "Int",
   "row_name": null,
   "value": "1"
  },
  {
   "_assign": null,
   "_comments": null,
   "_liked_by": null,
   "_user_tags": null,
   "creation": "2023-12-24 12:47:59.628537",
   "default_value": null,
   "doc_type": "Delivery Note Item",
   "docstatus": 0,
   "doctype_or_field": "DocField",
   "field_name": "weight_uom",
   "idx": 0,
   "is_system_generated": 0,
   "modified": "2023-12-24 12:47:59.628537",
   "modified_by": "Administrator",
   "module": null,
   "name": "Delivery Note Item-weight_uom-permlevel",
   "owner": "Administrator",
   "property": "permlevel",
   "property_type": "Int",
   "row_name": null,
   "value": "1"
  },
  {
   "_assign": null,
   "_comments": null,
   "_liked_by": null,
   "_user_tags": null,
   "creation": "2023-12-24 12:47:59.501450",
   "default_value": null,
   "doc_type": "Delivery Note Item",
   "docstatus": 0,
   "doctype_or_field": "DocField",
   "field_name": "total_weight",
   "idx": 0,
   "is_system_generated": 0,
   "modified": "2023-12-24 12:47:59.501450",
   "modified_by": "Administrator",
   "module": null,
   "name": "Delivery Note Item-total_weight-permlevel",
   "owner": "Administrator",
   "property": "permlevel",
   "property_type": "Int",
   "row_name": null,
   "value": "1"
  },
  {
   "_assign": null,
   "_comments": null,
   "_liked_by": null,
   "_user_tags": null,
   "creation": "2023-12-24 12:47:59.345026",
   "default_value": null,
   "doc_type": "Delivery Note Item",
   "docstatus": 0,
   "doctype_or_field": "DocField",
   "field_name": "weight_per_unit",
   "idx": 0,
   "is_system_generated": 0,
   "modified": "2023-12-24 12:47:59.345026",
   "modified_by": "Administrator",
   "module": null,
   "name": "Delivery Note Item-weight_per_unit-permlevel",
   "owner": "Administrator",
   "property": "permlevel",
   "property_type": "Int",
   "row_name": null,
   "value": "1"
  },
  {
   "_assign": null,
   "_comments": null,
   "_liked_by": null,
   "_user_tags": null,
   "creation": "2023-12-24 12:47:59.193566",
   "default_value": null,
   "doc_type": "Delivery Note Item",
   "docstatus": 0,
   "doctype_or_field": "DocField",
   "field_name": "incoming_rate",
   "idx": 0,
   "is_system_generated": 0,
   "modified": "2023-12-24 12:47:59.193566",
   "modified_by": "Administrator",
   "module": null,
   "name": "Delivery Note Item-incoming_rate-permlevel",
   "owner": "Administrator",
   "property": "permlevel",
   "property_type": "Int",
   "row_name": null,
   "value": "1"
  },
  {
   "_assign": null,
   "_comments": null,
   "_liked_by": null,
   "_user_tags": null,
   "creation": "2023-12-24 12:47:59.041839",
   "default_value": null,
   "doc_type": "Delivery Note Item",
   "docstatus": 0,
   "doctype_or_field": "DocField",
   "field_name": "billed_amt",
   "idx": 0,
   "is_system_generated": 0,
   "modified": "2023-12-24 12:47:59.041839",
   "modified_by": "Administrator",
   "module": null,
   "name": "Delivery Note Item-billed_amt-permlevel",
   "owner": "Administrator",
   "property": "permlevel",
   "property_type": "Int",
   "row_name": null,
   "value": "1"
  },
  {
   "_assign": null,
   "_comments": null,
   "_liked_by": null,
   "_user_tags": null,
   "creation": "2023-12-24 12:47:58.924825",
   "default_value": null,
   "doc_type": "Delivery Note Item",
   "docstatus": 0,
   "doctype_or_field": "DocField",
   "field_name": "base_net_amount",
   "idx": 0,
   "is_system_generated": 0,
   "modified": "2023-12-24 12:47:58.924825",
   "modified_by": "Administrator",
   "module": null,
   "name": "Delivery Note Item-base_net_amount-permlevel",
   "owner": "Administrator",
   "property": "permlevel",
   "property_type": "Int",
   "row_name": null,
   "value": "1"
  },
  {
   "_assign": null,
   "_comments": null,
   "_liked_by": null,
   "_user_tags": null,
   "creation": "2023-12-24 12:46:15.157577",
   "default_value": null,
   "doc_type": "Delivery Note Item",
   "docstatus": 0,
   "doctype_or_field": "DocField",
   "field_name": "base_net_rate",
   "idx": 0,
   "is_system_generated": 0,
   "modified": "2023-12-24 12:46:15.157577",
   "modified_by": "Administrator",
   "module": null,
   "name": "Delivery Note Item-base_net_rate-permlevel",
   "owner": "Administrator",
   "property": "permlevel",
   "property_type": "Int",
   "row_name": null,
   "value": "1"
  },
  {
   "_assign": null,
   "_comments": null,
   "_liked_by": null,
   "_user_tags": null,
   "creation": "2023-12-24 12:46:15.038227",
   "default_value": null,
   "doc_type": "Delivery Note Item",
   "docstatus": 0,
   "doctype_or_field": "DocField",
   "field_name": "item_tax_template",
   "idx": 0,
   "is_system_generated": 0,
   "modified": "2023-12-24 12:46:15.038227",
   "modified_by": "Administrator",
   "module": null,
   "name": "Delivery Note Item-item_tax_template-permlevel",
   "owner": "Administrator",
   "property": "permlevel",
   "property_type": "Int",
   "row_name": null,
   "value": "1"
  },
  {
   "_assign": null,
   "_comments": null,
   "_liked_by": null,
   "_user_tags": null,
   "creation": "2023-12-24 12:46:14.894071",
   "default_value": null,
   "doc_type": "Delivery Note Item",
   "docstatus": 0,
   "doctype_or_field": "DocField",
   "field_name": "net_amount",
   "idx": 0,
   "is_system_generated": 0,
   "modified": "2023-12-24 12:46:14.894071",
   "modified_by": "Administrator",
   "module": null,
   "name": "Delivery Note Item-net_amount-permlevel",
   "owner": "Administrator",
   "property": "permlevel",
   "property_type": "Int",
   "row_name": null,
   "value": "1"
  },
  {
   "_assign": null,
   "_comments": null,
   "_liked_by": null,
   "_user_tags": null,
   "creation": "2023-12-24 12:46:14.738004",
   "default_value": null,
   "doc_type": "Delivery Note Item",
   "docstatus": 0,
   "doctype_or_field": "DocField",
   "field_name": "net_rate",
   "idx": 0,
   "is_system_generated": 0,
   "modified": "2023-12-24 12:46:14.738004",
   "modified_by": "Administrator",
   "module": null,
   "name": "Delivery Note Item-net_rate-permlevel",
   "owner": "Administrator",
   "property": "permlevel",
   "property_type": "Int",
   "row_name": null,
   "value": "1"
  },
  {
   "_assign": null,
   "_comments": null,
   "_liked_by": null,
   "_user_tags": null,
   "creation": "2023-12-24 12:46:14.582762",
   "default_value": null,
   "doc_type": "Delivery Note Item",
   "docstatus": 0,
   "doctype_or_field": "DocField",
   "field_name": "grant_commission",
   "idx": 0,
   "is_system_generated": 0,
   "modified": "2023-12-24 12:46:14.582762",
   "modified_by": "Administrator",
   "module": null,
   "name": "Delivery Note Item-grant_commission-permlevel",
   "owner": "Administrator",
   "property": "permlevel",
   "property_type": "Int",
   "row_name": null,
   "value": "1"
  },
  {
   "_assign": null,
   "_comments": null,
   "_liked_by": null,
   "_user_tags": null,
   "creation": "2023-12-24 12:46:14.451678",
   "default_value": null,
   "doc_type": "Delivery Note Item",
   "docstatus": 0,
   "doctype_or_field": "DocField",
   "field_name": "is_free_item",
   "idx": 0,
   "is_system_generated": 0,
   "modified": "2023-12-24 12:46:14.451678",
   "modified_by": "Administrator",
   "module": null,
   "name": "Delivery Note Item-is_free_item-permlevel",
   "owner": "Administrator",
   "property": "permlevel",
   "property_type": "Int",
   "row_name": null,
   "value": "1"
  },
  {
   "_assign": null,
   "_comments": null,
   "_liked_by": null,
   "_user_tags": null,
   "creation": "2023-12-24 12:46:14.316318",
   "default_value": null,
   "doc_type": "Delivery Note Item",
   "docstatus": 0,
   "doctype_or_field": "DocField",
   "field_name": "stock_uom_rate",
   "idx": 0,
   "is_system_generated": 0,
   "modified": "2023-12-24 12:46:14.316318",
   "modified_by": "Administrator",
   "module": null,
   "name": "Delivery Note Item-stock_uom_rate-permlevel",
   "owner": "Administrator",
   "property": "permlevel",
   "property_type": "Int",
   "row_name": null,
   "value": "1"
  },
  {
   "_assign": null,
   "_comments": null,
   "_liked_by": null,
   "_user_tags": null,
   "creation": "2023-12-24 12:46:14.167927",
   "default_value": null,
   "doc_type": "Delivery Note Item",
   "docstatus": 0,
   "doctype_or_field": "DocField",
   "field_name": "pricing_rules",
   "idx": 0,
   "is_system_generated": 0,
   "modified": "2023-12-24 12:46:14.167927",
   "modified_by": "Administrator",
   "module": null,
   "name": "Delivery Note Item-pricing_rules-permlevel",
   "owner": "Administrator",
   "property": "permlevel",
   "property_type": "Int",
   "row_name": null,
   "value": "1"
  },
  {
   "_assign": null,
   "_comments": null,
   "_liked_by": null,
   "_user_tags": null,
   "creation": "2023-12-24 12:46:14.029714",
   "default_value": null,
   "doc_type": "Delivery Note Item",
   "docstatus": 0,
   "doctype_or_field": "DocField",
   "field_name": "base_amount",
   "idx": 0,
   "is_system_generated": 0,
   "modified": "2023-12-24 12:46:14.029714",
   "modified_by": "Administrator",
   "module": null,
   "name": "Delivery Note Item-base_amount-permlevel",
   "owner": "Administrator",
   "property": "permlevel",
   "property_type": "Int",
   "row_name": null,
   "value": "1"
  },
  {
   "_assign": null,
   "_comments": null,
   "_liked_by": null,
   "_user_tags": null,
   "creation": "2023-12-24 12:46:13.916163",
   "default_value": null,
   "doc_type": "Delivery Note Item",
   "docstatus": 0,
   "doctype_or_field": "DocField",
   "field_name": "base_rate",
   "idx": 0,
   "is_system_generated": 0,
   "modified": "2023-12-24 12:46:13.916163",
   "modified_by": "Administrator",
   "module": null,
   "name": "Delivery Note Item-base_rate-permlevel",
   "owner": "Administrator",
   "property": "permlevel",
   "property_type": "Int",
   "row_name": null,
   "value": "1"
  },
  {
   "_assign": null,
   "_comments": null,
   "_liked_by": null,
   "_user_tags": null,
   "creation": "2023-12-24 12:46:13.778770",
   "default_value": null,
   "doc_type": "Delivery Note Item",
   "docstatus": 0,
   "doctype_or_field": "DocField",
   "field_name": "base_rate_with_margin",
   "idx": 0,
   "is_system_generated": 0,
   "modified": "2023-12-24 12:46:13.778770",
   "modified_by": "Administrator",
   "module": null,
   "name": "Delivery Note Item-base_rate_with_margin-permlevel",
   "owner": "Administrator",
   "property": "permlevel",
   "property_type": "Int",
   "row_name": null,
   "value": "1"
  },
  {
   "_assign": null,
   "_comments": null,
   "_liked_by": null,
   "_user_tags": null,
   "creation": "2023-12-24 12:46:13.650827",
   "default_value": null,
   "doc_type": "Delivery Note Item",
   "docstatus": 0,
   "doctype_or_field": "DocField",
   "field_name": "discount_amount",
   "idx": 0,
   "is_system_generated": 0,
   "modified": "2023-12-24 12:46:13.650827",
   "modified_by": "Administrator",
   "module": null,
   "name": "Delivery Note Item-discount_amount-permlevel",
   "owner": "Administrator",
   "property": "permlevel",
   "property_type": "Int",
   "row_name": null,
   "value": "1"
  },
  {
   "_assign": null,
   "_comments": null,
   "_liked_by": null,
   "_user_tags": null,
   "creation": "2023-12-24 12:46:13.498232",
   "default_value": null,
   "doc_type": "Delivery Note Item",
   "docstatus": 0,
   "doctype_or_field": "DocField",
   "field_name": "discount_percentage",
   "idx": 0,
   "is_system_generated": 0,
   "modified": "2023-12-24 12:46:13.498232",
   "modified_by": "Administrator",
   "module": null,
   "name": "Delivery Note Item-discount_percentage-permlevel",
   "owner": "Administrator",
   "property": "permlevel",
   "property_type": "Int",
   "row_name": null,
   "value": "1"
  },
  {
   "_assign": null,
   "_comments": null,
   "_liked_by": null,
   "_user_tags": null,
   "creation": "2023-12-24 12:46:13.342493",
   "default_value": null,
   "doc_type": "Delivery Note Item",
   "docstatus": 0,
   "doctype_or_field": "DocField",
   "field_name": "rate_with_margin",
   "idx": 0,
   "is_system_generated": 0,
   "modified": "2023-12-24 12:46:13.342493",
   "modified_by": "Administrator",
   "module": null,
   "name": "Delivery Note Item-rate_with_margin-permlevel",
   "owner": "Administrator",
   "property": "permlevel",
   "property_type": "Int",
   "row_name": null,
   "value": "1"
  },
  {
   "_assign": null,
   "_comments": null,
   "_liked_by": null,
   "_user_tags": null,
   "creation": "2023-12-24 12:46:13.199536",
   "default_value": null,
   "doc_type": "Delivery Note Item",
   "docstatus": 0,
   "doctype_or_field": "DocField",
   "field_name": "margin_rate_or_amount",
   "idx": 0,
   "is_system_generated": 0,
   "modified": "2023-12-24 12:46:13.199536",
   "modified_by": "Administrator",
   "module": null,
   "name": "Delivery Note Item-margin_rate_or_amount-permlevel",
   "owner": "Administrator",
   "property": "permlevel",
   "property_type": "Int",
   "row_name": null,
   "value": "1"
  },
  {
   "_assign": null,
   "_comments": null,
   "_liked_by": null,
   "_user_tags": null,
   "creation": "2023-12-24 12:46:13.054822",
   "default_value": null,
   "doc_type": "Delivery Note Item",
   "docstatus": 0,
   "doctype_or_field": "DocField",
   "field_name": "margin_type",
   "idx": 0,
   "is_system_generated": 0,
   "modified": "2023-12-24 12:46:13.054822",
   "modified_by": "Administrator",
   "module": null,
   "name": "Delivery Note Item-margin_type-permlevel",
   "owner": "Administrator",
   "property": "permlevel",
   "property_type": "Int",
   "row_name": null,
   "value": "1"
  },
  {
   "_assign": null,
   "_comments": null,
   "_liked_by": null,
   "_user_tags": null,
   "creation": "2023-12-24 12:46:12.917284",
   "default_value": null,
   "doc_type": "Delivery Note Item",
   "docstatus": 0,
   "doctype_or_field": "DocField",
   "field_name": "base_price_list_rate",
   "idx": 0,
   "is_system_generated": 0,
   "modified": "2023-12-24 12:46:12.917284",
   "modified_by": "Administrator",
   "module": null,
   "name": "Delivery Note Item-base_price_list_rate-permlevel",
   "owner": "Administrator",
   "property": "permlevel",
   "property_type": "Int",
   "row_name": null,
   "value": "1"
  },
  {
   "_assign": null,
   "_comments": null,
   "_liked_by": null,
   "_user_tags": null,
   "creation": "2023-12-24 12:46:12.783992",
   "default_value": null,
   "doc_type": "Delivery Note Item",
   "docstatus": 0,
   "doctype_or_field": "DocField",
   "field_name": "price_list_rate",
   "idx": 0,
   "is_system_generated": 0,
   "modified": "2023-12-24 12:46:12.783992",
   "modified_by": "Administrator",
   "module": null,
   "name": "Delivery Note Item-price_list_rate-permlevel",
   "owner": "Administrator",
   "property": "permlevel",
   "property_type": "Int",
   "row_name": null,
   "value": "1"
  },
  {
   "_assign": null,
   "_comments": null,
   "_liked_by": null,
   "_user_tags": null,
   "creation": "2023-12-24 12:46:12.644981",
   "default_value": null,
   "doc_type": "Delivery Note Item",
   "docstatus": 0,
   "doctype_or_field": "DocField",
   "field_name": "conversion_factor",
   "idx": 0,
   "is_system_generated": 0,
   "modified": "2023-12-24 12:46:12.644981",
   "modified_by": "Administrator",
   "module": null,
   "name": "Delivery Note Item-conversion_factor-permlevel",
   "owner": "Administrator",
   "property": "permlevel",
   "property_type": "Int",
   "row_name": null,
   "value": "1"
  },
  {
   "_assign": null,
   "_comments": null,
   "_liked_by": null,
   "_user_tags": null,
   "creation": "2023-12-24 12:46:12.478852",
   "default_value": null,
   "doc_type": "Delivery Note Item",
   "docstatus": 0,
   "doctype_or_field": "DocField",
   "field_name": "customer_item_code",
   "idx": 0,
   "is_system_generated": 0,
   "modified": "2023-12-24 12:46:12.478852",
   "modified_by": "Administrator",
   "module": null,
   "name": "Delivery Note Item-customer_item_code-permlevel",
   "owner": "Administrator",
   "property": "permlevel",
   "property_type": "Int",
   "row_name": null,
   "value": "1"
  },
  {
   "_assign": null,
   "_comments": null,
   "_liked_by": null,
   "_user_tags": null,
   "creation": "2023-12-24 12:43:35.517430",
   "default_value": null,
   "doc_type": "Delivery Note Item",
   "docstatus": 0,
   "doctype_or_field": "DocField",
   "field_name": "amount",
   "idx": 0,
   "is_system_generated": 0,
   "modified": "2023-12-24 12:43:35.517430",
   "modified_by": "Administrator",
   "module": null,
   "name": "Delivery Note Item-amount-permlevel",
   "owner": "Administrator",
   "property": "permlevel",
   "property_type": "Int",
   "row_name": null,
   "value": "1"
  },
  {
   "_assign": null,
   "_comments": null,
   "_liked_by": null,
   "_user_tags": null,
   "creation": "2023-12-24 12:43:35.356023",
   "default_value": null,
   "doc_type": "Delivery Note Item",
   "docstatus": 0,
   "doctype_or_field": "DocField",
   "field_name": "rate",
   "idx": 0,
   "is_system_generated": 0,
   "modified": "2023-12-24 12:43:35.356023",
   "modified_by": "Administrator",
   "module": null,
   "name": "Delivery Note Item-rate-permlevel",
   "owner": "Administrator",
   "property": "permlevel",
   "property_type": "Int",
   "row_name": null,
   "value": "1"
  },
  {
   "_assign": null,
   "_comments": null,
   "_liked_by": null,
   "_user_tags": null,
   "creation": "2023-11-28 22:10:52.640744",
   "default_value": null,
   "doc_type": "Delivery Note Item",
   "docstatus": 0,
   "doctype_or_field": "DocField",
   "field_name": "target_warehouse",
   "idx": 0,
   "is_system_generated": 0,
   "modified": "2023-11-28 22:10:52.640744",
   "modified_by": "Administrator",
   "module": null,
   "name": "Delivery Note Item-target_warehouse-hidden",
   "owner": "Administrator",
   "property": "hidden",
   "property_type": "Check",
   "row_name": null,
   "value": "1"
  },
  {
   "_assign": null,
   "_comments": null,
   "_liked_by": null,
   "_user_tags": null,
   "creation": "2023-11-28 22:10:52.103574",
   "default_value": null,
   "doc_type": "Delivery Note Item",
   "docstatus": 0,
   "doctype_or_field": "DocField",
   "field_name": "barcode",
   "idx": 0,
   "is_system_generated": 1,
   "modified": "2023-11-28 22:10:52.103574",
   "modified_by": "Administrator",
   "module": null,
   "name": "Delivery Note Item-barcode-hidden",
   "owner": "Administrator",
   "property": "hidden",
   "property_type": "Check",
   "row_name": null,
   "value": "0"
  }
 ],
 "sync_on_migrate": 1
}