{
 "custom_fields": [
  {
   "_assign": null,
   "_comments": null,
   "_liked_by": null,
   "_user_tags": null,
   "allow_in_quick_entry": 0,
   "allow_on_submit": 0,
   "bold": 0,
   "collapsible": 0,
   "collapsible_depends_on": null,
   "columns": 0,
   "creation": "2023-11-30 14:05:37.081784",
   "default": null,
   "depends_on": null,
   "description": null,
   "docstatus": 0,
   "dt": "Item Price",
   "fetch_from": null,
   "fetch_if_empty": 0,
   "fieldname": "custom_item_price",
   "fieldtype": "Section Break",
   "hidden": 0,
   "hide_border": 0,
   "hide_days": 0,
   "hide_seconds": 0,
   "idx": 24,
   "ignore_user_permissions": 0,
   "ignore_xss_filter": 0,
   "in_global_search": 0,
   "in_list_view": 0,
   "in_preview": 0,
   "in_standard_filter": 0,
   "insert_after": "valid_upto",
   "is_system_generated": 0,
   "is_virtual": 0,
   "label": "Item Price History",
   "length": 0,
   "mandatory_depends_on": null,
   "modified": "2023-11-30 14:05:37.081784",
   "modified_by": "Administrator",
   "module": null,
   "name": "Item Price-custom_item_price",
   "no_copy": 0,
   "non_negative": 0,
   "options": null,
   "owner": "Administrator",
   "permlevel": 0,
   "precision": "",
   "print_hide": 0,
   "print_hide_if_no_value": 0,
   "print_width": null,
   "read_only": 0,
   "read_only_depends_on": null,
   "report_hide": 0,
   "reqd": 0,
   "search_index": 0,
   "sort_options": 0,
   "translatable": 0,
   "unique": 0,
   "width": null
  },
  {
   "_assign": null,
   "_comments": null,
   "_liked_by": null,
   "_user_tags": null,
   "allow_in_quick_entry": 0,
   "allow_on_submit": 0,
   "bold": 0,
   "collapsible": 0,
   "collapsible_depends_on": null,
   "columns": 0,
   "creation": "2023-11-30 14:05:37.274229",
   "default": null,
   "depends_on": null,
   "description": null,
   "docstatus": 0,
   "dt": "Item Price",
   "fetch_from": null,
   "fetch_if_empty": 0,
   "fieldname": "custom_item_price_history",
   "fieldtype": "Table",
   "hidden": 0,
   "hide_border": 0,
   "hide_days": 0,
   "hide_seconds": 0,
   "idx": 26,
   "ignore_user_permissions": 0,
   "ignore_xss_filter": 0,
   "in_global_search": 0,
   "in_list_view": 0,
   "in_preview": 0,
   "in_standard_filter": 0,
   "insert_after": "custom_item_price",
   "is_system_generated": 0,
   "is_virtual": 0,
   "label": "",
   "length": 0,
   "mandatory_depends_on": null,
   "modified": "2023-11-30 14:05:37.274229",
   "modified_by": "Administrator",
   "module": null,
   "name": "Item Price-custom_item_price_history",
   "no_copy": 0,
   "non_negative": 0,
   "options": "Item Price History",
   "owner": "Administrator",
   "permlevel": 0,
   "precision": "",
   "print_hide": 0,
   "print_hide_if_no_value": 0,
   "print_width": null,
   "read_only": 0,
   "read_only_depends_on": null,
   "report_hide": 0,
   "reqd": 0,
   "search_index": 0,
   "sort_options": 0,
   "translatable": 0,
   "unique": 0,
   "width": null
  }
 ],
 "custom_perms": [],
 "doctype": "Item Price",
 "links": [],
 "property_setters": [
  {
   "_assign": null,
   "_comments": null,
   "_liked_by": null,
   "_user_tags": null,
   "creation": "2023-11-30 14:06:55.490907",
   "default_value": null,
   "doc_type": "Item Price",
   "docstatus": 0,
   "doctype_or_field": "DocType",
   "field_name": null,
   "idx": 0,
   "is_system_generated": 0,
   "modified": "2023-11-30 14:06:55.490907",
   "modified_by": "Administrator",
   "module": null,
   "name": "Item Price-main-field_order",
   "owner": "Administrator",
   "property": "field_order",
   "property_type": "Data",
   "row_name": null,
   "value": "[\"item_code\", \"uom\", \"packing_unit\", \"column_break_17\", \"item_name\", \"brand\", \"item_description\", \"price_list_details\", \"price_list\", \"customer\", \"supplier\", \"batch_no\", \"column_break_3\", \"buying\", \"selling\", \"item_details\", \"currency\", \"col_br_1\", \"price_list_rate\", \"section_break_15\", \"valid_from\", \"lead_time_days\", \"column_break_18\", \"valid_upto\", \"custom_item_price\", \"custom_item_price_history\", \"section_break_24\", \"note\", \"reference\"]"
  },
  {
   "_assign": null,
   "_comments": null,
   "_liked_by": null,
   "_user_tags": null,
   "creation": "2023-11-30 13:31:21.619046",
   "default_value": null,
   "doc_type": "Item Price",
   "docstatus": 0,
   "doctype_or_field": "DocField",
   "field_name": "reference",
   "idx": 0,
   "is_system_generated": 1,
   "modified": "2023-11-30 13:31:21.619046",
   "modified_by": "Administrator",
   "module": null,
   "name": "Item Price-reference-in_list_view",
   "owner": "Administrator",
   "property": "in_list_view",
   "property_type": "Check",
   "row_name": null,
   "value": "1"
  },
  {
   "_assign": null,
   "_comments": null,
   "_liked_by": null,
   "_user_tags": null,
   "creation": "2023-11-30 13:31:21.614984",
   "default_value": null,
   "doc_type": "Item Price",
   "docstatus": 0,
   "doctype_or_field": "DocField",
   "field_name": "price_list_rate",
   "idx": 0,
   "is_system_generated": 1,
   "modified": "2023-11-30 13:31:21.614984",
   "modified_by": "Administrator",
   "module": null,
   "name": "Item Price-price_list_rate-in_list_view",
   "owner": "Administrator",
   "property": "in_list_view",
   "property_type": "Check",
   "row_name": null,
   "value": "1"
  },
  {
   "_assign": null,
   "_comments": null,
   "_liked_by": null,
   "_user_tags": null,
   "creation": "2023-11-30 13:31:21.611030",
   "default_value": null,
   "doc_type": "Item Price",
   "docstatus": 0,
   "doctype_or_field": "DocField",
   "field_name": "price_list",
   "idx": 0,
   "is_system_generated": 1,
   "modified": "2023-11-30 13:31:21.611030",
   "modified_by": "Administrator",
   "module": null,
   "name": "Item Price-price_list-in_list_view",
   "owner": "Administrator",
   "property": "in_list_view",
   "property_type": "Check",
   "row_name": null,
   "value": "1"
  },
  {
   "_assign": null,
   "_comments": null,
   "_liked_by": null,
   "_user_tags": null,
   "creation": "2023-11-30 13:31:21.607159",
   "default_value": null,
   "doc_type": "Item Price",
   "docstatus": 0,
   "doctype_or_field": "DocField",
   "field_name": "brand",
   "idx": 0,
   "is_system_generated": 1,
   "modified": "2023-11-30 13:31:21.607159",
   "modified_by": "Administrator",
   "module": null,
   "name": "Item Price-brand-in_list_view",
   "owner": "Administrator",
   "property": "in_list_view",
   "property_type": "Check",
   "row_name": null,
   "value": "1"
  },
  {
   "_assign": null,
   "_comments": null,
   "_liked_by": null,
   "_user_tags": null,
   "creation": "2023-11-30 13:31:21.603093",
   "default_value": null,
   "doc_type": "Item Price",
   "docstatus": 0,
   "doctype_or_field": "DocField",
   "field_name": "item_code",
   "idx": 0,
   "is_system_generated": 1,
   "modified": "2023-11-30 13:31:21.603093",
   "modified_by": "Administrator",
   "module": null,
   "name": "Item Price-item_code-in_list_view",
   "owner": "Administrator",
   "property": "in_list_view",
   "property_type": "Check",
   "row_name": null,
   "value": "1"
  },
  {
   "_assign": null,
   "_comments": null,
   "_liked_by": null,
   "_user_tags": null,
   "creation": "2023-11-30 13:31:21.595637",
   "default_value": null,
   "doc_type": "Item Price",
   "docstatus": 0,
   "doctype_or_field": "DocField",
   "field_name": "item_name",
   "idx": 0,
   "is_system_generated": 1,
   "modified": "2023-11-30 13:31:21.595637",
   "modified_by": "Administrator",
   "module": null,
   "name": "Item Price-item_name-in_list_view",
   "owner": "Administrator",
   "property": "in_list_view",
   "property_type": "Check",
   "row_name": null,
   "value": "1"
  }
 ],
 "sync_on_migrate": 1
}