{
 "custom_fields": [
  {
   "_assign": null,
   "_comments": null,
   "_liked_by": null,
   "_user_tags": null,
   "allow_in_quick_entry": 0,
   "allow_on_submit": 0,
   "bold": 0,
   "collapsible": 0,
   "collapsible_depends_on": null,
   "columns": 0,
   "creation": "2023-12-14 16:36:44.007866",
   "default": "0",
   "depends_on": null,
   "description": null,
   "docstatus": 0,
   "dt": "Item Group",
   "fetch_from": null,
   "fetch_if_empty": 0,
   "fieldname": "custom_has_serial_no",
   "fieldtype": "Check",
   "hidden": 1,
   "hide_border": 0,
   "hide_days": 0,
   "hide_seconds": 0,
   "idx": 5,
   "ignore_user_permissions": 0,
   "ignore_xss_filter": 0,
   "in_global_search": 0,
   "in_list_view": 0,
   "in_preview": 0,
   "in_standard_filter": 0,
   "insert_after": "is_group",
   "is_system_generated": 0,
   "is_virtual": 0,
   "label": "Has Serial No",
   "length": 0,
   "mandatory_depends_on": null,
   "modified": "2023-12-14 16:36:44.007866",
   "modified_by": "Administrator",
   "module": null,
   "name": "Item Group-custom_has_serial_no",
   "no_copy": 0,
   "non_negative": 0,
   "options": null,
   "owner": "Administrator",
   "permlevel": 0,
   "precision": "",
   "print_hide": 0,
   "print_hide_if_no_value": 0,
   "print_width": null,
   "read_only": 0,
   "read_only_depends_on": null,
   "report_hide": 0,
   "reqd": 0,
   "search_index": 0,
   "sort_options": 0,
   "translatable": 0,
   "unique": 0,
   "width": null
  }
 ],
 "custom_perms": [],
 "doctype": "Item Group",
 "links": [],
 "property_setters": [
  {
   "_assign": null,
   "_comments": null,
   "_liked_by": null,
   "_user_tags": null,
   "creation": "2023-12-14 16:51:06.083820",
   "default_value": null,
   "doc_type": "Item Group",
   "docstatus": 0,
   "doctype_or_field": "DocType",
   "field_name": null,
   "idx": 0,
   "is_system_generated": 0,
   "modified": "2023-12-14 16:51:06.083820",
   "modified_by": "Administrator",
   "module": null,
   "name": "Item Group-main-field_order",
   "owner": "Administrator",
   "property": "field_order",
   "property_type": "Data",
   "row_name": null,
   "value": "[\"gs\", \"item_group_name\", \"parent_item_group\", \"is_group\", \"custom_has_serial_no\", \"image\", \"column_break_5\", \"defaults\", \"item_group_defaults\", \"sec_break_taxes\", \"taxes\", \"sb9\", \"route\", \"website_title\", \"description\", \"show_in_website\", \"include_descendants\", \"column_break_16\", \"weightage\", \"slideshow\", \"website_specifications\", \"website_filters_section\", \"filter_fields\", \"filter_attributes\", \"lft\", \"rgt\", \"old_parent\"]"
  }
 ],
 "sync_on_migrate": 1
}