{
 "custom_fields": [],
 "custom_perms": [],
 "doctype": "Landed Cost Voucher",
 "links": [],
 "property_setters": [
  {
   "_assign": null,
   "_comments": null,
   "_liked_by": null,
   "_user_tags": null,
   "creation": "2023-12-24 17:56:34.328170",
   "default_value": null,
   "doc_type": "Landed Cost Voucher",
   "docstatus": 0,
   "doctype_or_field": "DocField",
   "field_name": "posting_date",
   "idx": 0,
   "is_system_generated": 0,
   "modified": "2023-12-24 17:56:34.328170",
   "modified_by": "Administrator",
   "module": null,
   "name": "Landed Cost Voucher-posting_date-default",
   "owner": "Administrator",
   "property": "default",
   "property_type": "Text",
   "row_name": null,
   "value": "Now"
  },
  {
   "_assign": null,
   "_comments": null,
   "_liked_by": null,
   "_user_tags": null,
   "creation": "2023-12-24 17:56:21.926959",
   "default_value": null,
   "doc_type": "Landed Cost Voucher",
   "docstatus": 0,
   "doctype_or_field": "DocField",
   "field_name": "naming_series",
   "idx": 0,
   "is_system_generated": 0,
   "modified": "2023-12-24 17:56:21.926959",
   "modified_by": "Administrator",
   "module": null,
   "name": "Landed Cost Voucher-naming_series-default",
   "owner": "Administrator",
   "property": "default",
   "property_type": "Text",
   "row_name": null,
   "value": "MAT-LCV-.YYYY.-"
  },
  {
   "_assign": null,
   "_comments": null,
   "_liked_by": null,
   "_user_tags": null,
   "creation": "2023-12-23 14:32:47.098451",
   "default_value": null,
   "doc_type": "Landed Cost Voucher",
   "docstatus": 0,
   "doctype_or_field": "DocField",
   "field_name": "distribute_charges_based_on",
   "idx": 0,
   "is_system_generated": 0,
   "modified": "2023-12-23 14:32:47.098451",
   "modified_by": "Administrator",
   "module": null,
   "name": "Landed Cost Voucher-distribute_charges_based_on-default",
   "owner": "Administrator",
   "property": "default",
   "property_type": "Text",
   "row_name": null,
   "value": "Amount"
  }
 ],
 "sync_on_migrate": 1
}