{
 "custom_fields": [],
 "custom_perms": [],
 "doctype": "Landed Cost Taxes and Charges",
 "links": [],
 "property_setters": [
  {
   "_assign": null,
   "_comments": null,
   "_liked_by": null,
   "_user_tags": null,
   "creation": "2023-12-23 14:37:54.563829",
   "default_value": null,
   "doc_type": "Landed Cost Taxes and Charges",
   "docstatus": 0,
   "doctype_or_field": "DocField",
   "field_name": "description",
   "idx": 0,
   "is_system_generated": 0,
   "modified": "2023-12-23 14:37:54.563829",
   "modified_by": "Administrator",
   "module": null,
   "name": "Landed Cost Taxes and Charges-description-default",
   "owner": "Administrator",
   "property": "default",
   "property_type": "Text",
   "row_name": null,
   "value": "Freight and Forwarding Charges"
  },
  {
   "_assign": null,
   "_comments": null,
   "_liked_by": null,
   "_user_tags": null,
   "creation": "2023-12-23 14:37:54.472803",
   "default_value": null,
   "doc_type": "Landed Cost Taxes and Charges",
   "docstatus": 0,
   "doctype_or_field": "DocField",
   "field_name": "expense_account",
   "idx": 0,
   "is_system_generated": 0,
   "modified": "2023-12-23 14:37:54.472803",
   "modified_by": "Administrator",
   "module": null,
   "name": "Landed Cost Taxes and Charges-expense_account-default",
   "owner": "Administrator",
   "property": "default",
   "property_type": "Text",
   "row_name": null,
   "value": "5205 - Freight and Forwarding Charges - A"
  }
 ],
 "sync_on_migrate": 1
}