{
 "custom_fields": [],
 "custom_perms": [],
 "doctype": "Packed Item",
 "links": [],
 "property_setters": [
  {
   "_assign": null,
   "_comments": null,
   "_liked_by": null,
   "_user_tags": null,
   "creation": "2023-11-28 14:05:39.061265",
   "default_value": null,
   "doc_type": "Packed Item",
   "docstatus": 0,
   "doctype_or_field": "DocField",
   "field_name": "rate",
   "idx": 0,
   "is_system_generated": 0,
   "modified": "2023-11-28 14:05:39.061265",
   "modified_by": "Administrator",
   "module": null,
   "name": "Packed Item-rate-read_only",
   "owner": "Administrator",
   "property": "read_only",
   "property_type": "Check",
   "row_name": null,
   "value": "1"
  }
 ],
 "sync_on_migrate": 1
}