{
 "custom_fields": [
  {
   "_assign": null,
   "_comments": null,
   "_liked_by": null,
   "_user_tags": null,
   "allow_in_quick_entry": 0,
   "allow_on_submit": 0,
   "bold": 0,
   "collapsible": 0,
   "collapsible_depends_on": null,
   "columns": 0,
   "creation": "2023-12-06 10:54:28.040609",
   "default": null,
   "depends_on": null,
   "description": null,
   "docstatus": 0,
   "dt": "Payment Entry Reference",
   "fetch_from": "",
   "fetch_if_empty": 0,
   "fieldname": "custom_remark",
   "fieldtype": "Data",
   "hidden": 0,
   "hide_border": 0,
   "hide_days": 0,
   "hide_seconds": 0,
   "idx": 3,
   "ignore_user_permissions": 0,
   "ignore_xss_filter": 0,
   "in_global_search": 0,
   "in_list_view": 1,
   "in_preview": 0,
   "in_standard_filter": 0,
   "insert_after": "reference_name",
   "is_system_generated": 0,
   "is_virtual": 0,
   "label": "Remark",
   "length": 0,
   "mandatory_depends_on": null,
   "modified": "2023-12-06 10:54:28.040609",
   "modified_by": "Administrator",
   "module": null,
   "name": "Payment Entry Reference-custom_remark",
   "no_copy": 0,
   "non_negative": 0,
   "options": null,
   "owner": "Administrator",
   "permlevel": 0,
   "precision": "",
   "print_hide": 0,
   "print_hide_if_no_value": 0,
   "print_width": null,
   "read_only": 0,
   "read_only_depends_on": null,
   "report_hide": 0,
   "reqd": 0,
   "search_index": 0,
   "sort_options": 0,
   "translatable": 1,
   "unique": 0,
   "width": null
  }
 ],
 "custom_perms": [],
 "doctype": "Payment Entry Reference",
 "links": [],
 "property_setters": [
  {
   "_assign": null,
   "_comments": null,
   "_liked_by": null,
   "_user_tags": null,
   "creation": "2023-12-06 10:54:37.860671",
   "default_value": null,
   "doc_type": "Payment Entry Reference",
   "docstatus": 0,
   "doctype_or_field": "DocType",
   "field_name": null,
   "idx": 0,
   "is_system_generated": 0,
   "modified": "2023-12-06 10:54:37.860671",
   "modified_by": "Administrator",
   "module": null,
   "name": "Payment Entry Reference-main-field_order",
   "owner": "Administrator",
   "property": "field_order",
   "property_type": "Data",
   "row_name": null,
   "value": "[\"reference_doctype\", \"reference_name\", \"custom_remark\", \"due_date\", \"bill_no\", \"payment_term\", \"column_break_4\", \"total_amount\", \"outstanding_amount\", \"allocated_amount\", \"exchange_rate\", \"exchange_gain_loss\"]"
  }
 ],
 "sync_on_migrate": 1
}