{
 "custom_fields": [],
 "custom_perms": [],
 "doctype": "Purchase Invoice",
 "links": [],
 "property_setters": [
  {
   "_assign": null,
   "_comments": null,
   "_liked_by": null,
   "_user_tags": null,
   "creation": "2023-12-23 16:25:40.814268",
   "default_value": null,
   "doc_type": "Purchase Invoice",
   "docstatus": 0,
   "doctype_or_field": "DocField",
   "field_name": "disable_rounded_total",
   "idx": 0,
   "is_system_generated": 0,
   "modified": "2023-12-23 16:25:40.814268",
   "modified_by": "Administrator",
   "module": null,
   "name": "Purchase Invoice-disable_rounded_total-read_only",
   "owner": "Administrator",
   "property": "read_only",
   "property_type": "Check",
   "row_name": null,
   "value": "1"
  },
  {
   "_assign": null,
   "_comments": null,
   "_liked_by": null,
   "_user_tags": null,
   "creation": "2023-12-23 16:25:28.762053",
   "default_value": null,
   "doc_type": "Purchase Invoice",
   "docstatus": 0,
   "doctype_or_field": "DocField",
   "field_name": "disable_rounded_total",
   "idx": 0,
   "is_system_generated": 0,
   "modified": "2023-12-23 16:25:28.762053",
   "modified_by": "Administrator",
   "module": null,
   "name": "Purchase Invoice-disable_rounded_total-default",
   "owner": "Administrator",
   "property": "default",
   "property_type": "Text",
   "row_name": null,
   "value": "1"
  },
  {
   "_assign": null,
   "_comments": null,
   "_liked_by": null,
   "_user_tags": null,
   "creation": "2023-12-13 14:45:20.284759",
   "default_value": null,
   "doc_type": "Purchase Invoice",
   "docstatus": 0,
   "doctype_or_field": "DocField",
   "field_name": "naming_series",
   "idx": 0,
   "is_system_generated": 0,
   "modified": "2023-12-13 14:45:20.284759",
   "modified_by": "Administrator",
   "module": null,
   "name": "Purchase Invoice-naming_series-options",
   "owner": null,
   "property": "options",
   "property_type": "Text",
   "row_name": null,
   "value": "ACC-PINV-.YYYY.-\nACC-PINV-RET-.YYYY.-"
  },
  {
   "_assign": null,
   "_comments": null,
   "_liked_by": null,
   "_user_tags": null,
   "creation": "2023-12-11 18:00:51.127217",
   "default_value": null,
   "doc_type": "Purchase Invoice",
   "docstatus": 0,
   "doctype_or_field": "DocField",
   "field_name": "scan_barcode",
   "idx": 0,
   "is_system_generated": 1,
   "modified": "2023-12-11 18:00:51.127217",
   "modified_by": "Administrator",
   "module": null,
   "name": "Purchase Invoice-scan_barcode-hidden",
   "owner": "Administrator",
   "property": "hidden",
   "property_type": "Check",
   "row_name": null,
   "value": "0"
  },
  {
   "_assign": null,
   "_comments": null,
   "_liked_by": null,
   "_user_tags": null,
   "creation": "2023-11-27 13:56:40.617613",
   "default_value": null,
   "doc_type": "Purchase Invoice",
   "docstatus": 0,
   "doctype_or_field": "DocField",
   "field_name": "payment_schedule",
   "idx": 0,
   "is_system_generated": 0,
   "modified": "2023-11-27 13:56:40.617613",
   "modified_by": "Administrator",
   "module": null,
   "name": "Purchase Invoice-payment_schedule-print_hide",
   "owner": "Administrator",
   "property": "print_hide",
   "property_type": "Check",
   "row_name": null,
   "value": "1"
  },
  {
   "_assign": null,
   "_comments": null,
   "_liked_by": null,
   "_user_tags": null,
   "creation": "2023-11-27 13:56:40.607510",
   "default_value": null,
   "doc_type": "Purchase Invoice",
   "docstatus": 0,
   "doctype_or_field": "DocField",
   "field_name": "due_date",
   "idx": 0,
   "is_system_generated": 0,
   "modified": "2023-11-27 13:56:40.607510",
   "modified_by": "Administrator",
   "module": null,
   "name": "Purchase Invoice-due_date-print_hide",
   "owner": "Administrator",
   "property": "print_hide",
   "property_type": "Check",
   "row_name": null,
   "value": "0"
  },
  {
   "_assign": null,
   "_comments": null,
   "_liked_by": null,
   "_user_tags": null,
   "creation": "2023-11-27 12:40:54.526839",
   "default_value": null,
   "doc_type": "Purchase Invoice",
   "docstatus": 0,
   "doctype_or_field": "DocField",
   "field_name": "in_words",
   "idx": 0,
   "is_system_generated": 0,
   "modified": "2023-11-27 12:40:54.526839",
   "modified_by": "Administrator",
   "module": null,
   "name": "Purchase Invoice-in_words-print_hide",
   "owner": "Administrator",
   "property": "print_hide",
   "property_type": "Check",
   "row_name": null,
   "value": "0"
  },
  {
   "_assign": null,
   "_comments": null,
   "_liked_by": null,
   "_user_tags": null,
   "creation": "2023-11-27 12:40:54.508095",
   "default_value": null,
   "doc_type": "Purchase Invoice",
   "docstatus": 0,
   "doctype_or_field": "DocField",
   "field_name": "in_words",
   "idx": 0,
   "is_system_generated": 0,
   "modified": "2023-11-27 12:40:54.508095",
   "modified_by": "Administrator",
   "module": null,
   "name": "Purchase Invoice-in_words-hidden",
   "owner": "Administrator",
   "property": "hidden",
   "property_type": "Check",
   "row_name": null,
   "value": "0"
  },
  {
   "_assign": null,
   "_comments": null,
   "_liked_by": null,
   "_user_tags": null,
   "creation": "2023-11-27 12:40:54.148408",
   "default_value": null,
   "doc_type": "Purchase Invoice",
   "docstatus": 0,
   "doctype_or_field": "DocField",
   "field_name": "rounded_total",
   "idx": 0,
   "is_system_generated": 0,
   "modified": "2023-11-27 12:40:54.148408",
   "modified_by": "Administrator",
   "module": null,
   "name": "Purchase Invoice-rounded_total-print_hide",
   "owner": "Administrator",
   "property": "print_hide",
   "property_type": "Check",
   "row_name": null,
   "value": "0"
  },
  {
   "_assign": null,
   "_comments": null,
   "_liked_by": null,
   "_user_tags": null,
   "creation": "2023-11-27 12:40:54.127003",
   "default_value": null,
   "doc_type": "Purchase Invoice",
   "docstatus": 0,
   "doctype_or_field": "DocField",
   "field_name": "rounded_total",
   "idx": 0,
   "is_system_generated": 0,
   "modified": "2023-11-27 12:40:54.127003",
   "modified_by": "Administrator",
   "module": null,
   "name": "Purchase Invoice-rounded_total-hidden",
   "owner": "Administrator",
   "property": "hidden",
   "property_type": "Check",
   "row_name": null,
   "value": "0"
  },
  {
   "_assign": null,
   "_comments": null,
   "_liked_by": null,
   "_user_tags": null,
   "creation": "2023-11-27 12:40:54.106209",
   "default_value": null,
   "doc_type": "Purchase Invoice",
   "docstatus": 0,
   "doctype_or_field": "DocField",
   "field_name": "base_rounded_total",
   "idx": 0,
   "is_system_generated": 0,
   "modified": "2023-11-27 12:40:54.106209",
   "modified_by": "Administrator",
   "module": null,
   "name": "Purchase Invoice-base_rounded_total-print_hide",
   "owner": "Administrator",
   "property": "print_hide",
   "property_type": "Check",
   "row_name": null,
   "value": "1"
  },
  {
   "_assign": null,
   "_comments": null,
   "_liked_by": null,
   "_user_tags": null,
   "creation": "2023-11-27 12:40:54.086096",
   "default_value": null,
   "doc_type": "Purchase Invoice",
   "docstatus": 0,
   "doctype_or_field": "DocField",
   "field_name": "base_rounded_total",
   "idx": 0,
   "is_system_generated": 0,
   "modified": "2023-11-27 12:40:54.086096",
   "modified_by": "Administrator",
   "module": null,
   "name": "Purchase Invoice-base_rounded_total-hidden",
   "owner": "Administrator",
   "property": "hidden",
   "property_type": "Check",
   "row_name": null,
   "value": "0"
  }
 ],
 "sync_on_migrate": 1
}