{
 "custom_fields": [],
 "custom_perms": [],
 "doctype": "Purchase Invoice Item",
 "links": [],
 "property_setters": [
  {
   "_assign": null,
   "_comments": null,
   "_liked_by": null,
   "_user_tags": null,
   "creation": "2023-12-11 18:00:51.405730",
   "default_value": null,
   "doc_type": "Purchase Invoice Item",
   "docstatus": 0,
   "doctype_or_field": "DocField",
   "field_name": "from_warehouse",
   "idx": 0,
   "is_system_generated": 0,
   "modified": "2023-12-11 18:00:51.405730",
   "modified_by": "Administrator",
   "module": null,
   "name": "Purchase Invoice Item-from_warehouse-hidden",
   "owner": "Administrator",
   "property": "hidden",
   "property_type": "Check",
   "row_name": null,
   "value": "1"
  }
 ],
 "sync_on_migrate": 1
}