{
 "custom_fields": [
  {
   "_assign": null,
   "_comments": null,
   "_liked_by": null,
   "_user_tags": null,
   "allow_in_quick_entry": 0,
   "allow_on_submit": 0,
   "bold": 0,
   "collapsible": 0,
   "collapsible_depends_on": null,
   "columns": 0,
   "creation": "2023-12-06 11:30:08.878132",
   "default": "0",
   "depends_on": null,
   "description": null,
   "docstatus": 0,
   "dt": "Sales Order Item",
   "fetch_from": null,
   "fetch_if_empty": 0,
   "fieldname": "custom_reserved_qty",
   "fieldtype": "Int",
   "hidden": 0,
   "hide_border": 0,
   "hide_days": 0,
   "hide_seconds": 0,
   "idx": 34,
   "ignore_user_permissions": 0,
   "ignore_xss_filter": 0,
   "in_global_search": 0,
   "in_list_view": 1,
   "in_preview": 0,
   "in_standard_filter": 0,
   "insert_after": "rate",
   "is_system_generated": 0,
   "is_virtual": 0,
   "label": "Reserved Qty",
   "length": 0,
   "mandatory_depends_on": null,
   "modified": "2023-12-06 11:30:08.878132",
   "modified_by": "Administrator",
   "module": null,
   "name": "Sales Order Item-custom_reserved_qty",
   "no_copy": 0,
   "non_negative": 0,
   "options": null,
   "owner": "Administrator",
   "permlevel": 0,
   "precision": "",
   "print_hide": 0,
   "print_hide_if_no_value": 0,
   "print_width": null,
   "read_only": 0,
   "read_only_depends_on": null,
   "report_hide": 0,
   "reqd": 0,
   "search_index": 0,
   "sort_options": 0,
   "translatable": 0,
   "unique": 0,
   "width": null
  }
 ],
 "custom_perms": [],
 "doctype": "Sales Order Item",
 "links": [],
 "property_setters": [
  {
   "_assign": null,
   "_comments": null,
   "_liked_by": null,
   "_user_tags": null,
   "creation": "2023-12-06 12:32:01.827416",
   "default_value": null,
   "doc_type": "Sales Order Item",
   "docstatus": 0,
   "doctype_or_field": "DocField",
   "field_name": "delivery_date",
   "idx": 0,
   "is_system_generated": 0,
   "modified": "2023-12-06 12:32:01.827416",
   "modified_by": "Administrator",
   "module": null,
   "name": "Sales Order Item-delivery_date-default",
   "owner": "Administrator",
   "property": "default",
   "property_type": "Text",
   "row_name": null,
   "value": "Today"
  },
  {
   "_assign": null,
   "_comments": null,
   "_liked_by": null,
   "_user_tags": null,
   "creation": "2023-12-06 12:32:01.725677",
   "default_value": null,
   "doc_type": "Sales Order Item",
   "docstatus": 0,
   "doctype_or_field": "DocType",
   "field_name": null,
   "idx": 0,
   "is_system_generated": 0,
   "modified": "2023-12-06 12:32:01.725677",
   "modified_by": "Administrator",
   "module": null,
   "name": "Sales Order Item-main-field_order",
   "owner": "Administrator",
   "property": "field_order",
   "property_type": "Data",
   "row_name": null,
   "value": "[\"item_code\", \"customer_item_code\", \"ensure_delivery_based_on_produced_serial_no\", \"col_break1\", \"delivery_date\", \"item_name\", \"section_break_5\", \"description\", \"item_group\", \"brand\", \"image_section\", \"image\", \"image_view\", \"quantity_and_rate\", \"qty\", \"stock_uom\", \"col_break2\", \"uom\", \"conversion_factor\", \"stock_qty\", \"section_break_16\", \"price_list_rate\", \"base_price_list_rate\", \"discount_and_margin\", \"margin_type\", \"margin_rate_or_amount\", \"rate_with_margin\", \"column_break_19\", \"discount_percentage\", \"discount_amount\", \"base_rate_with_margin\", \"section_break_simple1\", \"rate\", \"custom_reserved_qty\", \"amount\", \"item_tax_template\", \"col_break3\", \"base_rate\", \"base_amount\", \"pricing_rules\", \"stock_uom_rate\", \"is_free_item\", \"grant_commission\", \"section_break_24\", \"net_rate\", \"net_amount\", \"column_break_27\", \"base_net_rate\", \"base_net_amount\", \"billed_amt\", \"valuation_rate\", \"gross_profit\", \"drop_ship_section\", \"delivered_by_supplier\", \"supplier\", \"item_weight_details\", \"weight_per_unit\", \"total_weight\", \"column_break_21\", \"weight_uom\", \"warehouse_and_reference\", \"warehouse\", \"target_warehouse\", \"prevdoc_docname\", \"quotation_item\", \"col_break4\", \"against_blanket_order\", \"blanket_order\", \"blanket_order_rate\", \"manufacturing_section_section\", \"bom_no\", \"planning_section\", \"projected_qty\", \"actual_qty\", \"ordered_qty\", \"planned_qty\", \"production_plan_qty\", \"column_break_69\", \"work_order_qty\", \"delivered_qty\", \"produced_qty\", \"returned_qty\", \"picked_qty\", \"shopping_cart_section\", \"additional_notes\", \"section_break_63\", \"page_break\", \"item_tax_rate\", \"transaction_date\", \"inter_transfer_reference_section\", \"material_request\", \"purchase_order\", \"column_break_89\", \"material_request_item\", \"purchase_order_item\"]"
  },
  {
   "_assign": null,
   "_comments": null,
   "_liked_by": null,
   "_user_tags": null,
   "creation": "2023-12-06 11:14:01.068458",
   "default_value": null,
   "doc_type": "Sales Order Item",
   "docstatus": 0,
   "doctype_or_field": "DocField",
   "field_name": "delivery_date",
   "idx": 0,
   "is_system_generated": 0,
   "modified": "2023-12-06 11:14:01.068458",
   "modified_by": "Administrator",
   "module": null,
   "name": "Sales Order Item-delivery_date-in_list_view",
   "owner": "Administrator",
   "property": "in_list_view",
   "property_type": "Check",
   "row_name": null,
   "value": "0"
  }
 ],
 "sync_on_migrate": 1
}