{
 "custom_fields": [
  {
   "_assign": null,
   "_comments": null,
   "_liked_by": null,
   "_user_tags": null,
   "allow_in_quick_entry": 0,
   "allow_on_submit": 0,
   "bold": 0,
   "collapsible": 0,
   "collapsible_depends_on": null,
   "columns": 0,
   "creation": "2023-12-17 15:32:00.634518",
   "default": null,
   "depends_on": null,
   "description": null,
   "docstatus": 0,
   "dt": "Sales Person",
   "fetch_from": null,
   "fetch_if_empty": 0,
   "fieldname": "custom_user",
   "fieldtype": "Link",
   "hidden": 0,
   "hide_border": 0,
   "hide_days": 0,
   "hide_seconds": 0,
   "idx": 9,
   "ignore_user_permissions": 0,
   "ignore_xss_filter": 0,
   "in_global_search": 0,
   "in_list_view": 0,
   "in_preview": 0,
   "in_standard_filter": 0,
   "insert_after": "employee",
   "is_system_generated": 0,
   "is_virtual": 0,
   "label": "User",
   "length": 0,
   "mandatory_depends_on": null,
   "modified": "2023-12-17 15:32:00.634518",
   "modified_by": "Administrator",
   "module": null,
   "name": "Sales Person-custom_user",
   "no_copy": 0,
   "non_negative": 0,
   "options": "User",
   "owner": "Administrator",
   "permlevel": 0,
   "precision": "",
   "print_hide": 0,
   "print_hide_if_no_value": 0,
   "print_width": null,
   "read_only": 0,
   "read_only_depends_on": null,
   "report_hide": 0,
   "reqd": 0,
   "search_index": 0,
   "sort_options": 0,
   "translatable": 0,
   "unique": 0,
   "width": null
  }
 ],
 "custom_perms": [],
 "doctype": "Sales Person",
 "links": [],
 "property_setters": [
  {
   "_assign": null,
   "_comments": null,
   "_liked_by": null,
   "_user_tags": null,
   "creation": "2023-12-17 16:09:14.678550",
   "default_value": null,
   "doc_type": "Sales Person",
   "docstatus": 0,
   "doctype_or_field": "DocType",
   "field_name": null,
   "idx": 0,
   "is_system_generated": 0,
   "modified": "2023-12-17 16:09:14.678550",
   "modified_by": "Administrator",
   "module": null,
   "name": "Sales Person-main-field_order",
   "owner": "Administrator",
   "property": "field_order",
   "property_type": "Data",
   "row_name": null,
   "value": "[\"name_and_employee_id\", \"sales_person_name\", \"parent_sales_person\", \"commission_rate\", \"is_group\", \"enabled\", \"cb0\", \"employee\", \"custom_user\", \"department\", \"lft\", \"rgt\", \"old_parent\", \"target_details_section_break\", \"targets\"]"
  }
 ],
 "sync_on_migrate": 1
}