{
 "custom_fields": [
  {
   "_assign": null,
   "_comments": null,
   "_liked_by": null,
   "_user_tags": null,
   "allow_in_quick_entry": 0,
   "allow_on_submit": 0,
   "bold": 0,
   "collapsible": 0,
   "collapsible_depends_on": null,
   "columns": 0,
   "creation": "2023-11-30 13:52:47.791795",
   "default": null,
   "depends_on": null,
   "description": null,
   "docstatus": 0,
   "dt": "Sales Order",
   "fetch_from": "customer.custom_customer_type",
   "fetch_if_empty": 0,
   "fieldname": "custom_customer_type",
   "fieldtype": "Data",
   "hidden": 0,
   "hide_border": 0,
   "hide_days": 0,
   "hide_seconds": 0,
   "idx": 7,
   "ignore_user_permissions": 0,
   "ignore_xss_filter": 0,
   "in_global_search": 0,
   "in_list_view": 0,
   "in_preview": 0,
   "in_standard_filter": 0,
   "insert_after": "customer_name",
   "is_system_generated": 0,
   "is_virtual": 0,
   "label": "Customer Type",
   "length": 0,
   "mandatory_depends_on": null,
   "modified": "2023-11-30 13:52:47.791795",
   "modified_by": "Administrator",
   "module": null,
   "name": "Sales Order-custom_customer_type",
   "no_copy": 0,
   "non_negative": 0,
   "options": null,
   "owner": "Administrator",
   "permlevel": 0,
   "precision": "",
   "print_hide": 0,
   "print_hide_if_no_value": 0,
   "print_width": null,
   "read_only": 1,
   "read_only_depends_on": null,
   "report_hide": 0,
   "reqd": 0,
   "search_index": 0,
   "sort_options": 0,
   "translatable": 1,
   "unique": 0,
   "width": null
  },
  {
   "_assign": null,
   "_comments": null,
   "_liked_by": null,
   "_user_tags": null,
   "allow_in_quick_entry": 0,
   "allow_on_submit": 0,
   "bold": 0,
   "collapsible": 0,
   "collapsible_depends_on": null,
   "columns": 0,
   "creation": "2023-12-04 13:08:28.288449",
   "default": null,
   "depends_on": null,
   "description": null,
   "docstatus": 0,
   "dt": "Sales Order",
   "fetch_from": null,
   "fetch_if_empty": 0,
   "fieldname": "custom_branch",
   "fieldtype": "Link",
   "hidden": 0,
   "hide_border": 0,
   "hide_days": 0,
   "hide_seconds": 0,
   "idx": 34,
   "ignore_user_permissions": 0,
   "ignore_xss_filter": 0,
   "in_global_search": 0,
   "in_list_view": 0,
   "in_preview": 0,
   "in_standard_filter": 0,
   "insert_after": "column_break_28",
   "is_system_generated": 0,
   "is_virtual": 0,
   "label": "Branch",
   "length": 0,
   "mandatory_depends_on": null,
   "modified": "2023-12-04 13:08:28.288449",
   "modified_by": "Administrator",
   "module": null,
   "name": "Sales Order-custom_branch",
   "no_copy": 0,
   "non_negative": 0,
   "options": "Branch",
   "owner": "Administrator",
   "permlevel": 0,
   "precision": "",
   "print_hide": 0,
   "print_hide_if_no_value": 0,
   "print_width": null,
   "read_only": 0,
   "read_only_depends_on": null,
   "report_hide": 0,
   "reqd": 1,
   "search_index": 0,
   "sort_options": 0,
   "translatable": 0,
   "unique": 0,
   "width": null
  },
  {
   "_assign": null,
   "_comments": null,
   "_liked_by": null,
   "_user_tags": null,
   "allow_in_quick_entry": 0,
   "allow_on_submit": 0,
   "bold": 0,
   "collapsible": 0,
   "collapsible_depends_on": null,
   "columns": 0,
   "creation": "2023-12-04 14:32:31.114159",
   "default": null,
   "depends_on": null,
   "description": null,
   "docstatus": 0,
   "dt": "Sales Order",
   "fetch_from": "custom_branch.custom_prefix",
   "fetch_if_empty": 0,
   "fieldname": "custom_branch_abbr",
   "fieldtype": "Data",
   "hidden": 1,
   "hide_border": 0,
   "hide_days": 0,
   "hide_seconds": 0,
   "idx": 35,
   "ignore_user_permissions": 0,
   "ignore_xss_filter": 0,
   "in_global_search": 0,
   "in_list_view": 0,
   "in_preview": 0,
   "in_standard_filter": 0,
   "insert_after": "custom_branch",
   "is_system_generated": 0,
   "is_virtual": 0,
   "label": "Branch Abbr",
   "length": 0,
   "mandatory_depends_on": null,
   "modified": "2023-12-04 14:32:31.114159",
   "modified_by": "Administrator",
   "module": null,
   "name": "Sales Order-custom_branch_abbr",
   "no_copy": 0,
   "non_negative": 0,
   "options": null,
   "owner": "Administrator",
   "permlevel": 0,
   "precision": "",
   "print_hide": 0,
   "print_hide_if_no_value": 0,
   "print_width": null,
   "read_only": 1,
   "read_only_depends_on": null,
   "report_hide": 0,
   "reqd": 0,
   "search_index": 0,
   "sort_options": 0,
   "translatable": 1,
   "unique": 0,
   "width": null
  },
  {
   "_assign": null,
   "_comments": null,
   "_liked_by": null,
   "_user_tags": null,
   "allow_in_quick_entry": 0,
   "allow_on_submit": 0,
   "bold": 0,
   "collapsible": 0,
   "collapsible_depends_on": null,
   "columns": 0,
   "creation": "2023-12-04 17:55:05.155180",
   "default": null,
   "depends_on": null,
   "description": null,
   "docstatus": 0,
   "dt": "Sales Order",
   "fetch_from": null,
   "fetch_if_empty": 0,
   "fieldname": "custom_payment_type",
   "fieldtype": "Link",
   "hidden": 0,
   "hide_border": 0,
   "hide_days": 0,
   "hide_seconds": 0,
   "idx": 37,
   "ignore_user_permissions": 0,
   "ignore_xss_filter": 0,
   "in_global_search": 0,
   "in_list_view": 0,
   "in_preview": 0,
   "in_standard_filter": 0,
   "insert_after": "set_warehouse",
   "is_system_generated": 0,
   "is_virtual": 0,
   "label": "Payment Type",
   "length": 0,
   "mandatory_depends_on": null,
   "modified": "2023-12-04 17:55:05.155180",
   "modified_by": "Administrator",
   "module": null,
   "name": "Sales Order-custom_payment_type",
   "no_copy": 0,
   "non_negative": 0,
   "options": "Mode of Payment",
   "owner": "Administrator",
   "permlevel": 0,
   "precision": "",
   "print_hide": 0,
   "print_hide_if_no_value": 0,
   "print_width": null,
   "read_only": 0,
   "read_only_depends_on": null,
   "report_hide": 0,
   "reqd": 0,
   "search_index": 0,
   "sort_options": 0,
   "translatable": 0,
   "unique": 0,
   "width": null
  },
  {
   "_assign": null,
   "_comments": null,
   "_liked_by": null,
   "_user_tags": null,
   "allow_in_quick_entry": 0,
   "allow_on_submit": 0,
   "bold": 0,
   "collapsible": 0,
   "collapsible_depends_on": null,
   "columns": 0,
   "creation": "2023-12-05 11:11:07.945376",
   "default": null,
   "depends_on": null,
   "description": null,
   "docstatus": 0,
   "dt": "Sales Order",
   "fetch_from": null,
   "fetch_if_empty": 0,
   "fieldname": "custom_sales_person_wise_reserved_qty",
   "fieldtype": "Section Break",
   "hidden": 1,
   "hide_border": 0,
   "hide_days": 0,
   "hide_seconds": 0,
   "idx": 49,
   "ignore_user_permissions": 0,
   "ignore_xss_filter": 0,
   "in_global_search": 0,
   "in_list_view": 0,
   "in_preview": 0,
   "in_standard_filter": 0,
   "insert_after": "net_total",
   "is_system_generated": 0,
   "is_virtual": 0,
   "label": "Sales Person Wise Reserved Qty",
   "length": 0,
   "mandatory_depends_on": null,
   "modified": "2023-12-05 11:11:07.945376",
   "modified_by": "Administrator",
   "module": null,
   "name": "Sales Order-custom_sales_person_wise_reserved_qty",
   "no_copy": 0,
   "non_negative": 0,
   "options": null,
   "owner": "Administrator",
   "permlevel": 0,
   "precision": "",
   "print_hide": 0,
   "print_hide_if_no_value": 0,
   "print_width": null,
   "read_only": 0,
   "read_only_depends_on": null,
   "report_hide": 0,
   "reqd": 0,
   "search_index": 0,
   "sort_options": 0,
   "translatable": 0,
   "unique": 0,
   "width": null
  },
  {
   "_assign": null,
   "_comments": null,
   "_liked_by": null,
   "_user_tags": null,
   "allow_in_quick_entry": 0,
   "allow_on_submit": 0,
   "bold": 0,
   "collapsible": 0,
   "collapsible_depends_on": null,
   "columns": 0,
   "creation": "2023-12-05 11:12:11.710506",
   "default": null,
   "depends_on": null,
   "description": null,
   "docstatus": 0,
   "dt": "Sales Order",
   "fetch_from": null,
   "fetch_if_empty": 0,
   "fieldname": "custom_sales_person_reserved_qty",
   "fieldtype": "Table",
   "hidden": 0,
   "hide_border": 0,
   "hide_days": 0,
   "hide_seconds": 0,
   "idx": 50,
   "ignore_user_permissions": 0,
   "ignore_xss_filter": 0,
   "in_global_search": 0,
   "in_list_view": 0,
   "in_preview": 0,
   "in_standard_filter": 0,
   "insert_after": "custom_sales_person_wise_reserved_qty",
   "is_system_generated": 0,
   "is_virtual": 0,
   "label": "Sales Person Reserved Qty",
   "length": 0,
   "mandatory_depends_on": null,
   "modified": "2023-12-05 11:12:11.710506",
   "modified_by": "Administrator",
   "module": null,
   "name": "Sales Order-custom_sales_person_reserved_qty",
   "no_copy": 0,
   "non_negative": 0,
   "options": "Sales Person Reserved Qty",
   "owner": "Administrator",
   "permlevel": 0,
   "precision": "",
   "print_hide": 0,
   "print_hide_if_no_value": 0,
   "print_width": null,
   "read_only": 0,
   "read_only_depends_on": null,
   "report_hide": 0,
   "reqd": 0,
   "search_index": 0,
   "sort_options": 0,
   "translatable": 0,
   "unique": 0,
   "width": null
  }
 ],
 "custom_perms": [],
 "doctype": "Sales Order",
 "links": [],
 "property_setters": [
  {
   "_assign": null,
   "_comments": null,
   "_liked_by": null,
   "_user_tags": null,
   "creation": "2023-12-06 11:09:20.448561",
   "default_value": null,
   "doc_type": "Sales Order",
   "docstatus": 0,
   "doctype_or_field": "DocField",
   "field_name": "delivery_date",
   "idx": 0,
   "is_system_generated": 0,
   "modified": "2023-12-06 11:09:20.448561",
   "modified_by": "Administrator",
   "module": null,
   "name": "Sales Order-delivery_date-default",
   "owner": "Administrator",
   "property": "default",
   "property_type": "Text",
   "row_name": null,
   "value": "Today"
  },
  {
   "_assign": null,
   "_comments": null,
   "_liked_by": null,
   "_user_tags": null,
   "creation": "2023-12-05 12:18:21.808069",
   "default_value": null,
   "doc_type": "Sales Order",
   "docstatus": 0,
   "doctype_or_field": "DocType",
   "field_name": null,
   "idx": 0,
   "is_system_generated": 0,
   "modified": "2023-12-05 12:18:21.808069",
   "modified_by": "Administrator",
   "module": null,
   "name": "Sales Order-main-field_order",
   "owner": "Administrator",
   "property": "field_order",
   "property_type": "Data",
   "row_name": null,
   "value": "[\"customer_section\", \"column_break0\", \"title\", \"naming_series\", \"customer\", \"customer_name\", \"custom_customer_type\", \"tax_id\", \"column_break_7\", \"transaction_date\", \"delivery_date\", \"column_break1\", \"order_type\", \"po_no\", \"po_date\", \"company\", \"skip_delivery_note\", \"amended_from\", \"accounting_dimensions_section\", \"cost_center\", \"dimension_col_break\", \"project\", \"currency_and_price_list\", \"currency\", \"conversion_rate\", \"column_break2\", \"selling_price_list\", \"price_list_currency\", \"plc_conversion_rate\", \"ignore_pricing_rule\", \"sec_warehouse\", \"scan_barcode\", \"column_break_28\", \"custom_branch\", \"custom_branch_abbr\", \"set_warehouse\", \"custom_payment_type\", \"items_section\", \"items\", \"section_break_31\", \"total_qty\", \"total_net_weight\", \"column_break_33\", \"base_total\", \"base_net_total\", \"column_break_33a\", \"total\", \"net_total\", \"custom_sales_person_wise_reserved_qty\", \"custom_sales_person_reserved_qty\", \"taxes_section\", \"tax_category\", \"taxes_and_charges\", \"column_break_38\", \"shipping_rule\", \"column_break_49\", \"incoterm\", \"named_place\", \"section_break_40\", \"taxes\", \"section_break_43\", \"base_total_taxes_and_charges\", \"column_break_46\", \"total_taxes_and_charges\", \"totals\", \"base_grand_total\", \"base_rounding_adjustment\", \"base_rounded_total\", \"base_in_words\", \"column_break3\", \"grand_total\", \"rounding_adjustment\", \"rounded_total\", \"in_words\", \"advance_paid\", \"disable_rounded_total\", \"section_break_48\", \"apply_discount_on\", \"base_discount_amount\", \"coupon_code\", \"column_break_50\", \"additional_discount_percentage\", \"discount_amount\", \"sec_tax_breakup\", \"other_charges_calculation\", \"packing_list\", \"packed_items\", \"pricing_rule_details\", \"pricing_rules\", \"contact_info\", \"billing_address_column\", \"customer_address\", \"address_display\", \"customer_group\", \"territory\", \"column_break_84\", \"contact_person\", \"contact_display\", \"contact_phone\", \"contact_mobile\", \"contact_email\", \"shipping_address_column\", \"shipping_address_name\", \"shipping_address\", \"column_break_93\", \"dispatch_address_name\", \"dispatch_address\", \"col_break46\", \"company_address\", \"column_break_92\", \"company_address_display\", \"payment_schedule_section\", \"payment_terms_section\", \"payment_terms_template\", \"payment_schedule\", \"terms_section_break\", \"tc_name\", \"terms\", \"more_info\", \"section_break_78\", \"status\", \"delivery_status\", \"per_delivered\", \"column_break_81\", \"per_billed\", \"per_picked\", \"billing_status\", \"sales_team_section_break\", \"sales_partner\", \"column_break7\", \"amount_eligible_for_commission\", \"commission_rate\", \"total_commission\", \"section_break1\", \"sales_team\", \"loyalty_points_redemption\", \"loyalty_points\", \"column_break_116\", \"loyalty_amount\", \"subscription_section\", \"from_date\", \"to_date\", \"column_break_108\", \"auto_repeat\", \"update_auto_repeat_reference\", \"printing_details\", \"letter_head\", \"group_same_items\", \"column_break4\", \"select_print_heading\", \"language\", \"additional_info_section\", \"is_internal_customer\", \"represents_company\", \"column_break_152\", \"source\", \"inter_company_order_reference\", \"campaign\", \"party_account_currency\", \"connections_tab\"]"
  },
  {
   "_assign": null,
   "_comments": null,
   "_liked_by": null,
   "_user_tags": null,
   "creation": "2023-12-04 16:11:23.651723",
   "default_value": null,
   "doc_type": "Sales Order",
   "docstatus": 0,
   "doctype_or_field": "DocField",
   "field_name": "naming_series",
   "idx": 0,
   "is_system_generated": 0,
   "modified": "2023-12-04 16:11:23.651723",
   "modified_by": "Administrator",
   "module": null,
   "name": "Sales Order-naming_series-default",
   "owner": "Administrator",
   "property": "default",
   "property_type": "Text",
   "row_name": null,
   "value": "SO-.{custom_branch_abbr}.-.YY.-.MM.-"
  },
  {
   "_assign": null,
   "_comments": null,
   "_liked_by": null,
   "_user_tags": null,
   "creation": "2023-12-04 16:11:08.429383",
   "default_value": null,
   "doc_type": "Sales Order",
   "docstatus": 0,
   "doctype_or_field": "DocField",
   "field_name": "naming_series",
   "idx": 0,
   "is_system_generated": 0,
   "modified": "2023-12-04 16:11:08.429383",
   "modified_by": "Administrator",
   "module": null,
   "name": "Sales Order-naming_series-options",
   "owner": "Administrator",
   "property": "options",
   "property_type": "Text",
   "row_name": null,
   "value": "SAL-ORD-.YYYY.-\nSO-.{custom_branch_abbr}.-.YY.-.MM.-"
  },
  {
   "_assign": null,
   "_comments": null,
   "_liked_by": null,
   "_user_tags": null,
   "creation": "2023-11-28 22:10:52.352905",
   "default_value": null,
   "doc_type": "Sales Order",
   "docstatus": 0,
   "doctype_or_field": "DocField",
   "field_name": "scan_barcode",
   "idx": 0,
   "is_system_generated": 1,
   "modified": "2023-11-28 22:10:52.352905",
   "modified_by": "Administrator",
   "module": null,
   "name": "Sales Order-scan_barcode-hidden",
   "owner": "Administrator",
   "property": "hidden",
   "property_type": "Check",
   "row_name": null,
   "value": "0"
  },
  {
   "_assign": null,
   "_comments": null,
   "_liked_by": null,
   "_user_tags": null,
   "creation": "2023-11-28 14:05:38.819425",
   "default_value": null,
   "doc_type": "Sales Order",
   "docstatus": 0,
   "doctype_or_field": "DocField",
   "field_name": "tax_id",
   "idx": 0,
   "is_system_generated": 0,
   "modified": "2023-11-28 14:05:38.819425",
   "modified_by": "Administrator",
   "module": null,
   "name": "Sales Order-tax_id-print_hide",
   "owner": "Administrator",
   "property": "print_hide",
   "property_type": "Check",
   "row_name": null,
   "value": "0"
  },
  {
   "_assign": null,
   "_comments": null,
   "_liked_by": null,
   "_user_tags": null,
   "creation": "2023-11-28 14:05:38.779056",
   "default_value": null,
   "doc_type": "Sales Order",
   "docstatus": 0,
   "doctype_or_field": "DocField",
   "field_name": "tax_id",
   "idx": 0,
   "is_system_generated": 0,
   "modified": "2023-11-28 14:05:38.779056",
   "modified_by": "Administrator",
   "module": null,
   "name": "Sales Order-tax_id-hidden",
   "owner": "Administrator",
   "property": "hidden",
   "property_type": "Check",
   "row_name": null,
   "value": "0"
  },
  {
   "_assign": null,
   "_comments": null,
   "_liked_by": null,
   "_user_tags": null,
   "creation": "2023-11-27 13:56:40.548880",
   "default_value": null,
   "doc_type": "Sales Order",
   "docstatus": 0,
   "doctype_or_field": "DocField",
   "field_name": "payment_schedule",
   "idx": 0,
   "is_system_generated": 0,
   "modified": "2023-11-27 13:56:40.548880",
   "modified_by": "Administrator",
   "module": null,
   "name": "Sales Order-payment_schedule-print_hide",
   "owner": "Administrator",
   "property": "print_hide",
   "property_type": "Check",
   "row_name": null,
   "value": "1"
  },
  {
   "_assign": null,
   "_comments": null,
   "_liked_by": null,
   "_user_tags": null,
   "creation": "2023-11-27 13:56:40.455321",
   "default_value": null,
   "doc_type": "Sales Order",
   "docstatus": 0,
   "doctype_or_field": "DocField",
   "field_name": "due_date",
   "idx": 0,
   "is_system_generated": 0,
   "modified": "2023-11-27 13:56:40.455321",
   "modified_by": "Administrator",
   "module": null,
   "name": "Sales Order-due_date-print_hide",
   "owner": "Administrator",
   "property": "print_hide",
   "property_type": "Check",
   "row_name": null,
   "value": "0"
  },
  {
   "_assign": null,
   "_comments": null,
   "_liked_by": null,
   "_user_tags": null,
   "creation": "2023-11-27 12:40:54.341832",
   "default_value": null,
   "doc_type": "Sales Order",
   "docstatus": 0,
   "doctype_or_field": "DocField",
   "field_name": "in_words",
   "idx": 0,
   "is_system_generated": 0,
   "modified": "2023-11-27 12:40:54.341832",
   "modified_by": "Administrator",
   "module": null,
   "name": "Sales Order-in_words-print_hide",
   "owner": "Administrator",
   "property": "print_hide",
   "property_type": "Check",
   "row_name": null,
   "value": "0"
  },
  {
   "_assign": null,
   "_comments": null,
   "_liked_by": null,
   "_user_tags": null,
   "creation": "2023-11-27 12:40:54.328473",
   "default_value": null,
   "doc_type": "Sales Order",
   "docstatus": 0,
   "doctype_or_field": "DocField",
   "field_name": "in_words",
   "idx": 0,
   "is_system_generated": 0,
   "modified": "2023-11-27 12:40:54.328473",
   "modified_by": "Administrator",
   "module": null,
   "name": "Sales Order-in_words-hidden",
   "owner": "Administrator",
   "property": "hidden",
   "property_type": "Check",
   "row_name": null,
   "value": "0"
  },
  {
   "_assign": null,
   "_comments": null,
   "_liked_by": null,
   "_user_tags": null,
   "creation": "2023-11-27 12:40:53.687168",
   "default_value": null,
   "doc_type": "Sales Order",
   "docstatus": 0,
   "doctype_or_field": "DocField",
   "field_name": "disable_rounded_total",
   "idx": 0,
   "is_system_generated": 0,
   "modified": "2023-11-27 12:40:53.687168",
   "modified_by": "Administrator",
   "module": null,
   "name": "Sales Order-disable_rounded_total-default",
   "owner": "Administrator",
   "property": "default",
   "property_type": "Text",
   "row_name": null,
   "value": "0"
  },
  {
   "_assign": null,
   "_comments": null,
   "_liked_by": null,
   "_user_tags": null,
   "creation": "2023-11-27 12:40:53.668894",
   "default_value": null,
   "doc_type": "Sales Order",
   "docstatus": 0,
   "doctype_or_field": "DocField",
   "field_name": "rounded_total",
   "idx": 0,
   "is_system_generated": 0,
   "modified": "2023-11-27 12:40:53.668894",
   "modified_by": "Administrator",
   "module": null,
   "name": "Sales Order-rounded_total-print_hide",
   "owner": "Administrator",
   "property": "print_hide",
   "property_type": "Check",
   "row_name": null,
   "value": "0"
  },
  {
   "_assign": null,
   "_comments": null,
   "_liked_by": null,
   "_user_tags": null,
   "creation": "2023-11-27 12:40:53.650971",
   "default_value": null,
   "doc_type": "Sales Order",
   "docstatus": 0,
   "doctype_or_field": "DocField",
   "field_name": "rounded_total",
   "idx": 0,
   "is_system_generated": 0,
   "modified": "2023-11-27 12:40:53.650971",
   "modified_by": "Administrator",
   "module": null,
   "name": "Sales Order-rounded_total-hidden",
   "owner": "Administrator",
   "property": "hidden",
   "property_type": "Check",
   "row_name": null,
   "value": "0"
  },
  {
   "_assign": null,
   "_comments": null,
   "_liked_by": null,
   "_user_tags": null,
   "creation": "2023-11-27 12:40:53.632362",
   "default_value": null,
   "doc_type": "Sales Order",
   "docstatus": 0,
   "doctype_or_field": "DocField",
   "field_name": "base_rounded_total",
   "idx": 0,
   "is_system_generated": 0,
   "modified": "2023-11-27 12:40:53.632362",
   "modified_by": "Administrator",
   "module": null,
   "name": "Sales Order-base_rounded_total-print_hide",
   "owner": "Administrator",
   "property": "print_hide",
   "property_type": "Check",
   "row_name": null,
   "value": "1"
  },
  {
   "_assign": null,
   "_comments": null,
   "_liked_by": null,
   "_user_tags": null,
   "creation": "2023-11-27 12:40:53.613416",
   "default_value": null,
   "doc_type": "Sales Order",
   "docstatus": 0,
   "doctype_or_field": "DocField",
   "field_name": "base_rounded_total",
   "idx": 0,
   "is_system_generated": 0,
   "modified": "2023-11-27 12:40:53.613416",
   "modified_by": "Administrator",
   "module": null,
   "name": "Sales Order-base_rounded_total-hidden",
   "owner": "Administrator",
   "property": "hidden",
   "property_type": "Check",
   "row_name": null,
   "value": "0"
  }
 ],
 "sync_on_migrate": 1
}