{
 "custom_fields": [
  {
   "_assign": null,
   "_comments": null,
   "_liked_by": null,
   "_user_tags": null,
   "allow_in_quick_entry": 0,
   "allow_on_submit": 1,
   "bold": 0,
   "collapsible": 0,
   "collapsible_depends_on": null,
   "columns": 0,
   "creation": "2023-12-05 15:17:10.008798",
   "default": null,
   "depends_on": null,
   "description": null,
   "docstatus": 0,
   "dt": "Stock Entry",
   "fetch_from": null,
   "fetch_if_empty": 0,
   "fieldname": "workflow_state",
   "fieldtype": "Link",
   "hidden": 1,
   "hide_border": 0,
   "hide_days": 0,
   "hide_seconds": 0,
   "idx": 1,
   "ignore_user_permissions": 0,
   "ignore_xss_filter": 0,
   "in_global_search": 0,
   "in_list_view": 0,
   "in_preview": 0,
   "in_standard_filter": 0,
   "insert_after": null,
   "is_system_generated": 0,
   "is_virtual": 0,
   "label": "Workflow State",
   "length": 0,
   "mandatory_depends_on": null,
   "modified": "2023-12-05 15:17:10.008798",
   "modified_by": "Administrator",
   "module": null,
   "name": "Stock Entry-workflow_state",
   "no_copy": 1,
   "non_negative": 0,
   "options": "Workflow State",
   "owner": "Administrator",
   "permlevel": 0,
   "precision": "",
   "print_hide": 0,
   "print_hide_if_no_value": 0,
   "print_width": null,
   "read_only": 0,
   "read_only_depends_on": null,
   "report_hide": 0,
   "reqd": 0,
   "search_index": 0,
   "sort_options": 0,
   "translatable": 0,
   "unique": 0,
   "width": null
  },
  {
   "_assign": null,
   "_comments": null,
   "_liked_by": null,
   "_user_tags": null,
   "allow_in_quick_entry": 0,
   "allow_on_submit": 0,
   "bold": 0,
   "collapsible": 0,
   "collapsible_depends_on": null,
   "columns": 0,
   "creation": "2023-12-20 13:46:21.792705",
   "default": null,
   "depends_on": null,
   "description": null,
   "docstatus": 0,
   "dt": "Stock Entry",
   "fetch_from": null,
   "fetch_if_empty": 0,
   "fieldname": "custom_good_transfer_no",
   "fieldtype": "Link",
   "hidden": 0,
   "hide_border": 0,
   "hide_days": 0,
   "hide_seconds": 0,
   "idx": 8,
   "ignore_user_permissions": 0,
   "ignore_xss_filter": 0,
   "in_global_search": 0,
   "in_list_view": 0,
   "in_preview": 0,
   "in_standard_filter": 0,
   "insert_after": "add_to_transit",
   "is_system_generated": 0,
   "is_virtual": 0,
   "label": "Good Transfer No",
   "length": 0,
   "mandatory_depends_on": null,
   "modified": "2023-12-20 13:46:21.792705",
   "modified_by": "Administrator",
   "module": null,
   "name": "Stock Entry-custom_good_transfer_no",
   "no_copy": 0,
   "non_negative": 0,
   "options": "Goods Transfer",
   "owner": "Administrator",
   "permlevel": 0,
   "precision": "",
   "print_hide": 0,
   "print_hide_if_no_value": 0,
   "print_width": null,
   "read_only": 1,
   "read_only_depends_on": null,
   "report_hide": 0,
   "reqd": 0,
   "search_index": 0,
   "sort_options": 0,
   "translatable": 0,
   "unique": 0,
   "width": null
  }
 ],
 "custom_perms": [],
 "doctype": "Stock Entry",
 "links": [],
 "property_setters": [
  {
   "_assign": null,
   "_comments": null,
   "_liked_by": null,
   "_user_tags": null,
   "creation": "2023-12-21 12:11:00.381261",
   "default_value": null,
   "doc_type": "Stock Entry",
   "docstatus": 0,
   "doctype_or_field": "DocType",
   "field_name": null,
   "idx": 0,
   "is_system_generated": 0,
   "modified": "2023-12-21 12:11:00.381261",
   "modified_by": "Administrator",
   "module": null,
   "name": "Stock Entry-main-field_order",
   "owner": "Administrator",
   "property": "field_order",
   "property_type": "Data",
   "row_name": null,
   "value": "[\"workflow_state\", \"stock_entry_details_tab\", \"naming_series\", \"stock_entry_type\", \"outgoing_stock_entry\", \"purpose\", \"add_to_transit\", \"custom_good_transfer_no\", \"work_order\", \"purchase_order\", \"subcontracting_order\", \"delivery_note_no\", \"sales_invoice_no\", \"pick_list\", \"purchase_receipt_no\", \"col2\", \"company\", \"posting_date\", \"posting_time\", \"column_break_eaoa\", \"set_posting_time\", \"inspection_required\", \"apply_putaway_rule\", \"bom_info_section\", \"from_bom\", \"use_multi_level_bom\", \"bom_no\", \"cb1\", \"fg_completed_qty\", \"get_items\", \"section_break_7qsm\", \"process_loss_percentage\", \"column_break_e92r\", \"process_loss_qty\", \"section_break_jwgn\", \"from_warehouse\", \"source_warehouse_address\", \"source_address_display\", \"cb0\", \"to_warehouse\", \"target_warehouse_address\", \"target_address_display\", \"sb0\", \"scan_barcode\", \"items_section\", \"items\", \"get_stock_and_rate\", \"section_break_19\", \"total_outgoing_value\", \"column_break_22\", \"total_incoming_value\", \"value_difference\", \"additional_costs_section\", \"additional_costs\", \"total_additional_costs\", \"supplier_info_tab\", \"contact_section\", \"supplier\", \"supplier_name\", \"supplier_address\", \"address_display\", \"accounting_dimensions_section\", \"project\", \"other_info_tab\", \"printing_settings\", \"select_print_heading\", \"print_settings_col_break\", \"letter_head\", \"more_info\", \"is_opening\", \"remarks\", \"col5\", \"per_transferred\", \"total_amount\", \"job_card\", \"amended_from\", \"credit_note\", \"is_return\"]"
  },
  {
   "_assign": null,
   "_comments": null,
   "_liked_by": null,
   "_user_tags": null,
   "creation": "2023-12-13 14:46:00.347832",
   "default_value": null,
   "doc_type": "Stock Entry",
   "docstatus": 0,
   "doctype_or_field": "DocField",
   "field_name": "naming_series",
   "idx": 0,
   "is_system_generated": 0,
   "modified": "2023-12-13 14:46:00.347832",
   "modified_by": "Administrator",
   "module": null,
   "name": "Stock Entry-naming_series-options",
   "owner": null,
   "property": "options",
   "property_type": "Text",
   "row_name": null,
   "value": "MAT-STE-.YYYY.-"
  },
  {
   "_assign": null,
   "_comments": null,
   "_liked_by": null,
   "_user_tags": null,
   "creation": "2023-12-11 18:00:50.959146",
   "default_value": null,
   "doc_type": "Stock Entry",
   "docstatus": 0,
   "doctype_or_field": "DocField",
   "field_name": "scan_barcode",
   "idx": 0,
   "is_system_generated": 1,
   "modified": "2023-12-11 18:00:50.959146",
   "modified_by": "Administrator",
   "module": null,
   "name": "Stock Entry-scan_barcode-hidden",
   "owner": "Administrator",
   "property": "hidden",
   "property_type": "Check",
   "row_name": null,
   "value": "0"
  },
  {
   "_assign": null,
   "_comments": null,
   "_liked_by": null,
   "_user_tags": null,
   "creation": "2023-12-05 15:37:47.749735",
   "default_value": null,
   "doc_type": "Stock Entry",
   "docstatus": 0,
   "doctype_or_field": "DocField",
   "field_name": "to_warehouse",
   "idx": 0,
   "is_system_generated": 1,
   "modified": "2023-12-05 15:38:15.478097",
   "modified_by": "farid@abtl.com",
   "module": null,
   "name": "Stock Entry-to_warehouse-in_list_view",
   "owner": "farid@abtl.com",
   "property": "in_list_view",
   "property_type": "Check",
   "row_name": null,
   "value": "1"
  },
  {
   "_assign": null,
   "_comments": null,
   "_liked_by": null,
   "_user_tags": null,
   "creation": "2023-12-05 15:37:47.745779",
   "default_value": null,
   "doc_type": "Stock Entry",
   "docstatus": 0,
   "doctype_or_field": "DocField",
   "field_name": "from_warehouse",
   "idx": 0,
   "is_system_generated": 1,
   "modified": "2023-12-05 15:38:15.460773",
   "modified_by": "farid@abtl.com",
   "module": null,
   "name": "Stock Entry-from_warehouse-in_list_view",
   "owner": "farid@abtl.com",
   "property": "in_list_view",
   "property_type": "Check",
   "row_name": null,
   "value": "1"
  },
  {
   "_assign": null,
   "_comments": null,
   "_liked_by": null,
   "_user_tags": null,
   "creation": "2023-12-05 15:37:47.741596",
   "default_value": null,
   "doc_type": "Stock Entry",
   "docstatus": 0,
   "doctype_or_field": "DocField",
   "field_name": "purpose",
   "idx": 0,
   "is_system_generated": 1,
   "modified": "2023-12-05 15:38:15.442034",
   "modified_by": "farid@abtl.com",
   "module": null,
   "name": "Stock Entry-purpose-in_list_view",
   "owner": "farid@abtl.com",
   "property": "in_list_view",
   "property_type": "Check",
   "row_name": null,
   "value": "1"
  },
  {
   "_assign": null,
   "_comments": null,
   "_liked_by": null,
   "_user_tags": null,
   "creation": "2023-12-05 15:37:47.737269",
   "default_value": null,
   "doc_type": "Stock Entry",
   "docstatus": 0,
   "doctype_or_field": "DocField",
   "field_name": "stock_entry_type",
   "idx": 0,
   "is_system_generated": 1,
   "modified": "2023-12-05 15:38:15.409960",
   "modified_by": "farid@abtl.com",
   "module": null,
   "name": "Stock Entry-stock_entry_type-in_list_view",
   "owner": "farid@abtl.com",
   "property": "in_list_view",
   "property_type": "Check",
   "row_name": null,
   "value": "1"
  },
  {
   "_assign": null,
   "_comments": null,
   "_liked_by": null,
   "_user_tags": null,
   "creation": "2023-12-05 15:37:47.732961",
   "default_value": null,
   "doc_type": "Stock Entry",
   "docstatus": 0,
   "doctype_or_field": "DocField",
   "field_name": "per_transferred",
   "idx": 0,
   "is_system_generated": 1,
   "modified": "2023-12-05 15:37:47.732961",
   "modified_by": "farid@abtl.com",
   "module": null,
   "name": "Stock Entry-per_transferred-in_list_view",
   "owner": "farid@abtl.com",
   "property": "in_list_view",
   "property_type": "Check",
   "row_name": null,
   "value": "0"
  },
  {
   "_assign": null,
   "_comments": null,
   "_liked_by": null,
   "_user_tags": null,
   "creation": "2023-12-05 15:37:47.712248",
   "default_value": null,
   "doc_type": "Stock Entry",
   "docstatus": 0,
   "doctype_or_field": "DocField",
   "field_name": "is_return",
   "idx": 0,
   "is_system_generated": 1,
   "modified": "2023-12-05 15:37:47.712248",
   "modified_by": "farid@abtl.com",
   "module": null,
   "name": "Stock Entry-is_return-in_list_view",
   "owner": "farid@abtl.com",
   "property": "in_list_view",
   "property_type": "Check",
   "row_name": null,
   "value": "0"
  }
 ],
 "sync_on_migrate": 1
}