{
 "custom_fields": [],
 "custom_perms": [],
 "doctype": "Stock Entry Detail",
 "links": [],
 "property_setters": [
  {
   "_assign": null,
   "_comments": null,
   "_liked_by": null,
   "_user_tags": null,
   "creation": "2023-12-11 18:00:50.764235",
   "default_value": null,
   "doc_type": "Stock Entry Detail",
   "docstatus": 0,
   "doctype_or_field": "DocField",
   "field_name": "barcode",
   "idx": 0,
   "is_system_generated": 1,
   "modified": "2023-12-11 18:00:50.764235",
   "modified_by": "Administrator",
   "module": null,
   "name": "Stock Entry Detail-barcode-hidden",
   "owner": "Administrator",
   "property": "hidden",
   "property_type": "Check",
   "row_name": null,
   "value": "0"
  }
 ],
 "sync_on_migrate": 1
}