{
 "custom_fields": [
  {
   "_assign": null,
   "_comments": null,
   "_liked_by": null,
   "_user_tags": null,
   "allow_in_quick_entry": 0,
   "allow_on_submit": 0,
   "bold": 0,
   "collapsible": 0,
   "collapsible_depends_on": null,
   "columns": 0,
   "creation": "2023-11-29 11:55:06.694345",
   "default": null,
   "depends_on": null,
   "description": null,
   "docstatus": 0,
   "dt": "Supplier",
   "fetch_from": "supplier_group.custom_supplier_group_number",
   "fetch_if_empty": 0,
   "fieldname": "custom_supplier_group_number",
   "fieldtype": "Data",
   "hidden": 0,
   "hide_border": 0,
   "hide_days": 0,
   "hide_seconds": 0,
   "idx": 6,
   "ignore_user_permissions": 0,
   "ignore_xss_filter": 0,
   "in_global_search": 0,
   "in_list_view": 1,
   "in_preview": 0,
   "in_standard_filter": 0,
   "insert_after": "supplier_group",
   "is_system_generated": 0,
   "is_virtual": 0,
   "label": "Supplier Group Number",
   "length": 0,
   "mandatory_depends_on": null,
   "modified": "2023-11-29 11:55:06.694345",
   "modified_by": "Administrator",
   "module": null,
   "name": "Supplier-custom_supplier_group_number",
   "no_copy": 0,
   "non_negative": 0,
   "options": "",
   "owner": "Administrator",
   "permlevel": 0,
   "precision": "",
   "print_hide": 0,
   "print_hide_if_no_value": 0,
   "print_width": null,
   "read_only": 0,
   "read_only_depends_on": null,
   "report_hide": 0,
   "reqd": 0,
   "search_index": 0,
   "sort_options": 0,
   "translatable": 1,
   "unique": 0,
   "width": null
  }
 ],
 "custom_perms": [],
 "doctype": "Supplier",
 "links": [
  {
   "creation": "2013-01-10 16:34:11",
   "custom": 0,
   "docstatus": 0,
   "group": "Allowed Items",
   "hidden": 0,
   "idx": 1,
   "is_child_table": 0,
   "link_doctype": "Party Specific Item",
   "link_fieldname": "party",
   "modified": "2023-11-27 13:55:40.361754",
   "modified_by": "Administrator",
   "name": "8eedb5891e",
   "owner": "Administrator",
   "parent": "Supplier",
   "parent_doctype": null,
   "parentfield": "links",
   "parenttype": "DocType",
   "table_fieldname": null
  }
 ],
 "property_setters": [
  {
   "_assign": null,
   "_comments": null,
   "_liked_by": null,
   "_user_tags": null,
   "creation": "2023-11-29 12:41:14.890852",
   "default_value": null,
   "doc_type": "Supplier",
   "docstatus": 0,
   "doctype_or_field": "DocField",
   "field_name": "custom_supplier_group_number",
   "idx": 0,
   "is_system_generated": 1,
   "modified": "2023-11-29 12:41:41.542667",
   "modified_by": "Administrator",
   "module": null,
   "name": "Supplier-custom_supplier_group_number-in_list_view",
   "owner": "Administrator",
   "property": "in_list_view",
   "property_type": "Check",
   "row_name": null,
   "value": "1"
  },
  {
   "_assign": null,
   "_comments": null,
   "_liked_by": null,
   "_user_tags": null,
   "creation": "2023-11-29 12:41:14.885308",
   "default_value": null,
   "doc_type": "Supplier",
   "docstatus": 0,
   "doctype_or_field": "DocField",
   "field_name": "supplier_group",
   "idx": 0,
   "is_system_generated": 1,
   "modified": "2023-11-29 12:41:41.516506",
   "modified_by": "Administrator",
   "module": null,
   "name": "Supplier-supplier_group-in_list_view",
   "owner": "Administrator",
   "property": "in_list_view",
   "property_type": "Check",
   "row_name": null,
   "value": "1"
  },
  {
   "_assign": null,
   "_comments": null,
   "_liked_by": null,
   "_user_tags": null,
   "creation": "2023-11-29 12:41:41.506968",
   "default_value": null,
   "doc_type": "Supplier",
   "docstatus": 0,
   "doctype_or_field": "DocField",
   "field_name": "supplier_name",
   "idx": 0,
   "is_system_generated": 1,
   "modified": "2023-11-29 12:41:41.506968",
   "modified_by": "Administrator",
   "module": null,
   "name": "Supplier-supplier_name-in_list_view",
   "owner": "Administrator",
   "property": "in_list_view",
   "property_type": "Check",
   "row_name": null,
   "value": "1"
  },
  {
   "_assign": null,
   "_comments": null,
   "_liked_by": null,
   "_user_tags": null,
   "creation": "2023-11-29 12:41:28.358873",
   "default_value": null,
   "doc_type": "Supplier",
   "docstatus": 0,
   "doctype_or_field": "DocField",
   "field_name": "naming_series",
   "idx": 0,
   "is_system_generated": 0,
   "modified": "2023-11-29 12:41:28.358873",
   "modified_by": "Administrator",
   "module": null,
   "name": "Supplier-naming_series-hidden",
   "owner": "Administrator",
   "property": "hidden",
   "property_type": "Check",
   "row_name": null,
   "value": "1"
  },
  {
   "_assign": null,
   "_comments": null,
   "_liked_by": null,
   "_user_tags": null,
   "creation": "2023-11-29 12:33:33.618180",
   "default_value": null,
   "doc_type": "Supplier",
   "docstatus": 0,
   "doctype_or_field": "DocField",
   "field_name": "naming_series",
   "idx": 0,
   "is_system_generated": 0,
   "modified": "2023-11-29 12:33:33.618180",
   "modified_by": "Administrator",
   "module": null,
   "name": "Supplier-naming_series-options",
   "owner": "Administrator",
   "property": "options",
   "property_type": "Text",
   "row_name": null,
   "value": "{custom_supplier_group_number}.-.####"
  },
  {
   "_assign": null,
   "_comments": null,
   "_liked_by": null,
   "_user_tags": null,
   "creation": "2023-11-29 12:33:07.412482",
   "default_value": null,
   "doc_type": "Supplier",
   "docstatus": 0,
   "doctype_or_field": "DocType",
   "field_name": null,
   "idx": 0,
   "is_system_generated": 0,
   "modified": "2023-11-29 12:33:07.412482",
   "modified_by": "Administrator",
   "module": null,
   "name": "Supplier-main-field_order",
   "owner": "Administrator",
   "property": "field_order",
   "property_type": "Data",
   "row_name": null,
   "value": "[\"naming_series\", \"supplier_name\", \"country\", \"column_break0\", \"supplier_group\", \"custom_supplier_group_number\", \"supplier_type\", \"is_transporter\", \"image\", \"defaults_section\", \"default_currency\", \"default_bank_account\", \"column_break_10\", \"default_price_list\", \"payment_terms\", \"internal_supplier_section\", \"is_internal_supplier\", \"represents_company\", \"column_break_16\", \"companies\", \"column_break2\", \"supplier_details\", \"column_break_30\", \"website\", \"language\", \"dashboard_tab\", \"tax_tab\", \"tax_id\", \"column_break_27\", \"tax_category\", \"tax_withholding_category\", \"contact_and_address_tab\", \"address_contacts\", \"address_html\", \"column_break1\", \"contact_html\", \"primary_address_and_contact_detail_section\", \"supplier_primary_contact\", \"mobile_no\", \"email_id\", \"column_break_44\", \"supplier_primary_address\", \"primary_address\", \"accounting_tab\", \"accounts\", \"settings_tab\", \"allow_purchase_invoice_creation_without_purchase_order\", \"allow_purchase_invoice_creation_without_purchase_receipt\", \"column_break_54\", \"is_frozen\", \"disabled\", \"warn_rfqs\", \"warn_pos\", \"prevent_rfqs\", \"prevent_pos\", \"block_supplier_section\", \"on_hold\", \"hold_type\", \"column_break_59\", \"release_date\"]"
  }
 ],
 "sync_on_migrate": 1
}