{
 "actions": [],
 "allow_rename": 1,
 "creation": "2023-12-03 17:06:37.636463",
 "doctype": "DocType",
 "editable_grid": 1,
 "engine": "InnoDB",
 "field_order": [
  "store",
  "store_name",
  "cost_center"
 ],
 "fields": [
  {
   "fieldname": "store",
   "fieldtype": "Link",
   "in_list_view": 1,
   "label": "Store",
   "options": "Warehouse",
   "reqd": 1
  },
  {
   "fetch_from": "store.custom_warehouse_name_",
   "fieldname": "store_name",
   "fieldtype": "Data",
   "in_list_view": 1,
   "label": "Store Name"
  },
  {
   "fetch_from": "store.custom_cost_center",
   "fieldname": "cost_center",
   "fieldtype": "Link",
   "in_list_view": 1,
   "label": "Cost Center",
   "options": "Cost Center"
  }
 ],
 "index_web_pages_for_search": 1,
 "istable": 1,
 "links": [],
 "modified": "2023-12-25 17:14:28.380395",
 "modified_by": "Administrator",
 "module": "Abtl Addon",
 "name": "Branch Store Item",
 "owner": "Administrator",
 "permissions": [],
 "sort_field": "modified",
 "sort_order": "DESC",
 "states": []
}