{
 "actions": [],
 "allow_rename": 1,
 "creation": "2023-11-30 15:17:47.989459",
 "doctype": "DocType",
 "editable_grid": 1,
 "engine": "InnoDB",
 "field_order": [
  "price_list",
  "item_rate"
 ],
 "fields": [
  {
   "fieldname": "price_list",
   "fieldtype": "Link",
   "in_list_view": 1,
   "label": "Price List",
   "options": "Price List",
   "reqd": 1
  },
  {
   "fieldname": "item_rate",
   "fieldtype": "Currency",
   "in_list_view": 1,
   "label": "Item Rate",
   "reqd": 1
  }
 ],
 "index_web_pages_for_search": 1,
 "istable": 1,
 "links": [],
 "modified": "2023-12-03 16:43:29.368802",
 "modified_by": "Administrator",
 "module": "Abtl Addon",
 "name": "Item Price List",
 "owner": "Administrator",
 "permissions": [],
 "sort_field": "modified",
 "sort_order": "DESC",
 "states": []
}