{
 "actions": [],
 "allow_rename": 1,
 "creation": "2023-12-07 15:20:42.159512",
 "default_view": "List",
 "doctype": "DocType",
 "editable_grid": 1,
 "engine": "InnoDB",
 "field_order": [
  "payment_entry",
  "paymrnt_type",
  "amount",
  "date"
 ],
 "fields": [
  {
   "fieldname": "payment_entry",
   "fieldtype": "Data",
   "in_list_view": 1,
   "label": "Payment Entry"
  },
  {
   "fieldname": "paymrnt_type",
   "fieldtype": "Data",
   "in_list_view": 1,
   "label": "Paymrnt Type"
  },
  {
   "fieldname": "amount",
   "fieldtype": "Currency",
   "in_list_view": 1,
   "label": "Amount"
  },
  {
   "fieldname": "date",
   "fieldtype": "Date",
   "in_list_view": 1,
   "label": "Date"
  }
 ],
 "index_web_pages_for_search": 1,
 "istable": 1,
 "links": [],
 "modified": "2023-12-07 15:41:09.732149",
 "modified_by": "Administrator",
 "module": "Abtl Addon",
 "name": "Sales Invoice Payment Entry",
 "owner": "Administrator",
 "permissions": [],
 "sort_field": "modified",
 "sort_order": "DESC",
 "states": []
}