{
 "actions": [],
 "allow_rename": 1,
 "creation": "2023-11-30 14:04:41.792751",
 "doctype": "DocType",
 "editable_grid": 1,
 "engine": "InnoDB",
 "field_order": [
  "item_code",
  "price_list",
  "date",
  "old_price"
 ],
 "fields": [
  {
   "fieldname": "item_code",
   "fieldtype": "Link",
   "label": "Item Code",
   "options": "Item"
  },
  {
   "fieldname": "price_list",
   "fieldtype": "Link",
   "in_list_view": 1,
   "label": "Price List",
   "options": "Price List"
  },
  {
   "default": "Now",
   "fieldname": "date",
   "fieldtype": "Datetime",
   "in_list_view": 1,
   "label": "Date"
  },
  {
   "fieldname": "old_price",
   "fieldtype": "Data",
   "in_list_view": 1,
   "label": "Old Price"
  }
 ],
 "index_web_pages_for_search": 1,
 "istable": 1,
 "links": [],
 "modified": "2023-12-17 16:22:09.458160",
 "modified_by": "Administrator",
 "module": "Abtl Addon",
 "name": "Item Price History",
 "owner": "Administrator",
 "permissions": [],
 "sort_field": "modified",
 "sort_order": "DESC",
 "states": []
}