{
 "actions": [],
 "allow_rename": 1,
 "creation": "2023-12-06 17:02:14.476597",
 "default_view": "List",
 "doctype": "DocType",
 "editable_grid": 1,
 "engine": "InnoDB",
 "field_order": [
  "mode_of_payment",
  "is_default"
 ],
 "fields": [
  {
   "fieldname": "mode_of_payment",
   "fieldtype": "Link",
   "in_list_view": 1,
   "label": "Mode of Payment",
   "options": "Mode of Payment",
   "reqd": 1
  },
  {
   "default": "0",
   "fieldname": "is_default",
   "fieldtype": "Check",
   "in_list_view": 1,
   "label": "Is Default"
  }
 ],
 "index_web_pages_for_search": 1,
 "istable": 1,
 "links": [],
 "modified": "2023-12-06 17:02:24.058080",
 "modified_by": "Administrator",
 "module": "Abtl Addon",
 "name": "Customer Wise Payment Item",
 "owner": "Administrator",
 "permissions": [],
 "sort_field": "modified",
 "sort_order": "DESC",
 "states": []
}